ScorangerTests/AccountDeletionPlanTests/testAHandoverIsDescribedAsAHandoverAndNotAsALoss()	0.0
ScorangerTests/AccountDeletionPlanTests/testAMemberCountThatCannotHappenDoesNotDestroyAnything()	0.0
ScorangerTests/AccountDeletionPlanTests/testASetListOfMineThatNobodyElseIsInIsDestroyed()	0.0
ScorangerTests/AccountDeletionPlanTests/testASetListOfMineWithOtherPeopleInItIsHandedOn()	0.0
ScorangerTests/AccountDeletionPlanTests/testAnUnnamedSetListStillReadsAsSomething()	0.0
ScorangerTests/AccountDeletionPlanTests/testDestructionIsSaidFirst()	0.0
ScorangerTests/AccountDeletionPlanTests/testNothingClaimsToBeDeletedWhenNothingWillBe()	0.0
ScorangerTests/AccountDeletionPlanTests/testOneTwoAndManyAreNamedDifferently()	0.0
ScorangerTests/AccountDeletionPlanTests/testPluralsAgreeInEveryClause()	0.0
ScorangerTests/AccountDeletionPlanTests/testSomebodyElsesSetListIsOnlyLeft()	0.0
ScorangerTests/AccountDeletionPlanTests/testSomebodyWithNoSharedSetListsHasAnEmptyOutcome()	0.0
ScorangerTests/AccountDeletionPlanTests/testTheConfirmNamesTheSetListThatIsAboutToBeDestroyed()	0.0
ScorangerTests/AccountDeletionPlanTests/testTheMarksAreMentionedWhenThereIsAnySharedSetListAtAll()	0.0
ScorangerTests/AccountDeletionPlanTests/testTheOutcomeSortsEverySetListIntoExactlyOneFate()	0.0
ScorangerTests/AccountDeletionPlanTests/testThePlainStatementThatTheLibraryStaysIsUnconditional()	0.0
ScorangerTests/AccountDeletionPlanTests/testTheQuestionIsAQuestionAndCarriesNoDetail()	0.0
ScorangerTests/AddedMarkSizeTests/testAChordSymbolCommitIsStillSentAsASize()	0.0
ScorangerTests/AddedMarkSizeTests/testAChordSymbolStillReadsInPoints()	0.0
ScorangerTests/AddedMarkSizeTests/testARelativeCommitIsSentAsAScale()	0.0
ScorangerTests/AddedMarkSizeTests/testAnOffLadderSizeStepsRatherThanSnapping()	0.0
ScorangerTests/AddedMarkSizeTests/testEveryOtherMarkReadsAsAMultiple()	0.0
ScorangerTests/AddedMarkSizeTests/testItIsReadAloudInTheSameTerms()	0.0
ScorangerTests/AddedMarkSizeTests/testNudgingIsTheSameOnADynamic()	0.0
ScorangerTests/AddedMarkSizeTests/testResetGoesBackToOneTimesTheDefaultAndNoOffset()	0.0
ScorangerTests/AddedMarkSizeTests/testResettingAnUntouchedMarkWritesNothing()	0.0
ScorangerTests/AddedMarkSizeTests/testTheClampIsTheSameOnADynamic()	0.0
ScorangerTests/AddedMarkSizeTests/testTheLadderHasEnds()	0.0
ScorangerTests/AddedMarkSizeTests/testThePendingLineNeverShowsPointsForARelativeMark()	0.0
ScorangerTests/AddedMarkSizeTests/testTheRelativeLadderStepsInCleanMultiples()	0.0
ScorangerTests/AddedMarkSizeTests/testTheRelativeRowCarriesACaption()	0.0
ScorangerTests/AddedMarkTableTests/testEveryAdjustableKindHasAnEngineName()	0.0
ScorangerTests/AddedMarkTableTests/testNothingElseHasOne()	0.0
ScorangerTests/AddedMarkTableTests/testOnlyTheChordSymbolStepsPoints()	0.0
ScorangerTests/AddedMarkTableTests/testTheNoteAttachedKindsAreTheTwoThatHangOffNotes()	0.0
ScorangerTests/AdjustKeepsTheSelectionTests/testASequenceOfAdjustmentsKeepsIt()	0.0
ScorangerTests/AdjustKeepsTheSelectionTests/testItDoesNotFollowToAnotherArrangement()	0.0
ScorangerTests/AdjustKeepsTheSelectionTests/testItDoesNotSurviveDeliberatelyChangingVersion()	0.0
ScorangerTests/AdjustKeepsTheSelectionTests/testTheSelectionSurvivesAnAdjustment()	0.0
ScorangerTests/AdjustableMarkSelectionTests/testAMixedSelectionOfTwoMarksIsNot()	0.0
ScorangerTests/AdjustableMarkSelectionTests/testASlurIsNot()	0.0
ScorangerTests/AdjustableMarkSelectionTests/testEveryAddedMarkIsAdjustable()	0.0
ScorangerTests/AdjustableSelectionTests/testAChordSymbolIsAdjustable()	0.0
ScorangerTests/AdjustableSelectionTests/testAMixedSelectionIsNot()	0.0
ScorangerTests/AdjustableSelectionTests/testANoteIsNot()	0.0
ScorangerTests/AdjustableSelectionTests/testAnEmptySelectionIsNot()	0.0
ScorangerTests/AdjustableSelectionTests/testSeveralChordSymbolsAre()	0.0
ScorangerTests/ArrangementLabelTests/testAPoisonedTitleLosesToTheArrangementsOwnName()	0.0
ScorangerTests/ArrangementLabelTests/testARealNameIsNotAnArtifactName()	0.0
ScorangerTests/ArrangementLabelTests/testARealTitleStillWins()	0.0
ScorangerTests/ArrangementLabelTests/testAScanIsToldApartFromNotation()	0.0
ScorangerTests/ArrangementLabelTests/testASlugIsSpelledOutAndAnArtifactNameIsNot()	0.0
ScorangerTests/ArrangementLabelTests/testCollidingNamesAreToldApartByTheirParts()	0.0
ScorangerTests/ArrangementLabelTests/testDistinctArrangementsAreNotDecorated()	0.0
ScorangerTests/ArrangementLabelTests/testIdenticalArrangementsAreStillNumbered()	0.0
ScorangerTests/ArrangementLabelTests/testNoLabelEverContainsAnArtifactName()	0.0
ScorangerTests/ArrangementLabelTests/testOneArrangementIsNeverDecorated()	0.0
ScorangerTests/ArrangementLabelTests/testTheWorkspacesOwnFileNameIsNotAName()	0.0
ScorangerTests/ArrangementLabelTests/testTwoPoisonedArrangementsFallBackToTheirOwnNames()	0.0
ScorangerTests/ArtifactTagTests/testAPieceHoldsWhatItsArrangementsHold()	0.0
ScorangerTests/ArtifactTagTests/testAScanThatHasBeenOMRdHoldsBoth()	0.0
ScorangerTests/ArtifactTagTests/testAnArrangementIsJudgedOnItsWholeHistory()	0.0
ScorangerTests/ArtifactTagTests/testAnEmptyArrangementGetsNoChips()	0.0
ScorangerTests/ArtifactTagTests/testBothIsTwoChipsSoNeitherFactIsBuried()	0.0
ScorangerTests/ArtifactTagTests/testNotationOnlyIsMusicXML()	0.0
ScorangerTests/ArtifactTagTests/testNotationReadsAsTheLiveOne()	0.0
ScorangerTests/ArtifactTagTests/testNothingToShowMeansNoTag()	0.0
ScorangerTests/ArtifactTagTests/testPdfOnlyIsAPdf()	0.0
ScorangerTests/ArtifactTagTests/testTheScoreViewsMarkerNamesTheVersionOnScreen()	0.0
ScorangerTests/ArtifactTagTests/testTheSuffixRuleIsTheOneTheScoreViewUses()	0.0
ScorangerTests/ArtifactTagTests/testTheTagAnswersWhetherAnythingHereCanBePlayedOrEdited()	0.0
ScorangerTests/ArtifactTagTests/testTheTagSaysPdfOrMusicXMLInThoseWords()	0.0
ScorangerTests/BarPositionTests/testABarIsFoundByItsNumber()	0.0
ScorangerTests/BarPositionTests/testABarThatDoesNotOverlapIsUntouched()	0.0
ScorangerTests/BarPositionTests/testABarThatIsNotOnThePageHasNoFrame()	0.0
ScorangerTests/BarPositionTests/testABarTouchingOnlyTheEdgeDoesNotCount()	0.0
ScorangerTests/BarPositionTests/testABarWideEnoughToSwallowItsNeighbourIsClippedBackToIt()	0.0
ScorangerTests/BarPositionTests/testAPartlyVisibleBarCounts()	0.0
ScorangerTests/BarPositionTests/testASecondSystemReportsItsOwnBars()	0.0
ScorangerTests/BarPositionTests/testASinglePageStartsAfterTheTopGutter()	0.0
ScorangerTests/BarPositionTests/testASpreadFallsToTheRightPageWhenTheLeftIsNotVisible()	0.0
ScorangerTests/BarPositionTests/testASpreadTakesTheEarliestBarAcrossBothPages()	0.0
ScorangerTests/BarPositionTests/testATallerPageIsTaller()	0.0
ScorangerTests/BarPositionTests/testBarNumbersComeFromTheNotationNotThePosition()	0.0
ScorangerTests/BarPositionTests/testNoBarHasNoLabel()	0.0
ScorangerTests/BarPositionTests/testNoGeometryReportsNothing()	0.0
ScorangerTests/BarPositionTests/testNoGeometryStillShowsNoBarWhilePlaying()	0.0
ScorangerTests/BarPositionTests/testNothingVisibleReportsNothing()	0.0
ScorangerTests/BarPositionTests/testPanningPastABarMovesTheNumber()	0.0
ScorangerTests/BarPositionTests/testTheBarBelowIsNotTheBarAfter()	0.0
ScorangerTests/BarPositionTests/testTheCornerShowsNoBarWhileTheScoreIsMerelyBeingRead()	0.0
ScorangerTests/BarPositionTests/testTheCornerShowsTheBarWhileThePlayHeadIsRunning()	0.0
ScorangerTests/BarPositionTests/testTheCursorLandsInTheBarItNames()	0.0
ScorangerTests/BarPositionTests/testTheFirstVisibleBarIsReported()	0.0
ScorangerTests/BarPositionTests/testTheLabelNamesTheBar()	0.0
ScorangerTests/BarPositionTests/testTheLowestVisibleNumberWinsRegardlessOfOrder()	0.0
ScorangerTests/BarPositionTests/testTheRightPageOfASpreadClearsTheLeftOneAndTheGutter()	0.0
ScorangerTests/BookBrowserFootprintTests/testWhatIsHeldAfterAWhileWithABigBook()	0.0
ScorangerTests/BookBrowserPerfTests/testAMemoryWarningEmptiesTheStore()	0.6
ScorangerTests/BookBrowserPerfTests/testARasterComesBackInPixelsAndNotPoints()	0.0
ScorangerTests/BookBrowserPerfTests/testScrollingBackOverPagesAlreadyDrawn()	0.1
ScorangerTests/BookBrowserPerfTests/testTheCostOfAFlickThroughAHundredPages()	0.0
ScorangerTests/BookBrowserPerfTests/testTheFixtureIsTheSizeThatBroke()	0.0
ScorangerTests/BookBrowserPerfTests/testWhatTheBrowserHoldsAfterAWalkThroughTheBook()	0.4
ScorangerTests/BookContentsTests/testABookWithoutContentsStillDecodes()	0.0
ScorangerTests/BookContentsTests/testAFalseStartFoldsIntoTheTuneBeforeIt()	0.0
ScorangerTests/BookContentsTests/testAOnePageTuneCannotBeSplit()	0.0
ScorangerTests/BookContentsTests/testAProposalAsFoundCanBeKept()	0.0
ScorangerTests/BookContentsTests/testARangeIsClampedIntoTheBookAndNeverInverted()	0.0
ScorangerTests/BookContentsTests/testARenameKeepsTheId()	0.0
ScorangerTests/BookContentsTests/testAnAddedTuneLandsInPageOrder()	0.0
ScorangerTests/BookContentsTests/testAnEmptyListIsRefused()	0.0
ScorangerTests/BookContentsTests/testAnEntryNoLongerInTheListHasNoPlace()	0.0
ScorangerTests/BookContentsTests/testAnUntitledTuneIsRefusedByNumber()	0.0
ScorangerTests/BookContentsTests/testMovingATunesStartKeepsTheListInPageOrder()	0.0
ScorangerTests/BookContentsTests/testNextAndPreviousStepThroughTheBookInOrder()	0.0
ScorangerTests/BookContentsTests/testOnlyOnePDFCanBeABook()	0.0
ScorangerTests/BookContentsTests/testPagesAreSaidTheWayAPageIsCited()	0.0
ScorangerTests/BookContentsTests/testTheEnginesProposalDecodes()	0.0
ScorangerTests/BookContentsTests/testTheFirstTuneHasNothingToFoldInto()	0.0
ScorangerTests/BookContentsTests/testTwoTunesRunTogetherArePartedAtAPage()	0.0
ScorangerTests/BookPagesTests/testARangeIsTwoNumbersInsideTheBookAndInOrder()	0.0
ScorangerTests/BookPagesTests/testATypedPageTurnsTheBookToIt()	0.0
ScorangerTests/BookPagesTests/testStartsHereAndEndsHereFillTheFieldsIn()	0.0
ScorangerTests/BookPagesTests/testTheChosenSpanIsMarkedAsASpan()	0.0
ScorangerTests/BookPagesTests/testThePageNeverRunsOffTheEnds()	0.0
ScorangerTests/BookPagesTests/testWhatIsOnScreenSaysWhichOfHowMany()	0.0
ScorangerTests/CanvasTapTests/testADwellIsNotATap()	0.0
ScorangerTests/CanvasTapTests/testAFingerTurnsInTheCornersAndSelectsElsewhere()	0.0
ScorangerTests/CanvasTapTests/testAHeldFingerStillTurnsInPerformanceMode()	0.0
ScorangerTests/CanvasTapTests/testAMoveIsAPanAndNothingElse()	0.0
ScorangerTests/CanvasTapTests/testAPinchNeverSelects()	0.0
ScorangerTests/CanvasTapTests/testAPinchNeverTurnsEither()	0.0
ScorangerTests/CanvasTapTests/testAPressSelectsWhereverItEnds()	0.0
ScorangerTests/CanvasTapTests/testAReleaseOffThePageCancels()	0.0
ScorangerTests/CanvasTapTests/testATapOnEmptyPaperClears()	0.0
ScorangerTests/CanvasTapTests/testAnArmedLassoTakesTheWholeFinger()	0.0
ScorangerTests/CanvasTapTests/testEveryPointResolvesToExactlyOneOutcome()	0.0
ScorangerTests/CanvasTapTests/testMostOfTheCanvasIsSelectable()	0.0
ScorangerTests/CanvasTapTests/testMultiTouchAtAnyMomentIsNothing()	0.0
ScorangerTests/CanvasTapTests/testPerformanceModeTurnsAnywhere()	0.0
ScorangerTests/CanvasTapTests/testThePencilTableIsUnchanged()	0.0
ScorangerTests/CanvasTapTests/testTheTurnZonesAreBottomAnchoredCorners()	0.0
ScorangerTests/CanvasTapTests/testTheZonesAreContiguousAcrossTheBottomEdge()	0.0
ScorangerTests/ChatDispatchTests/testAPlainReplyDispatchesNothing()	0.0
ScorangerTests/ChatDispatchTests/testAdjustCarriesAScaleAndASizeSeparately()	0.0
ScorangerTests/ChatDispatchTests/testAdjustIsDescribedAsRelative()	0.0
ScorangerTests/ChatDispatchTests/testAnInventedToolIsNotGuessedAt()	0.0
ScorangerTests/ChatDispatchTests/testEveryRenamedArgumentArrivesUnderTheBridgesName()	0.0
ScorangerTests/ChatDispatchTests/testMalformedArgumentsStillCarryTheScoreAndNothingInvented()	0.0
ScorangerTests/ChatDispatchTests/testSeveralCallsInOneMessageDispatchInOrder()	0.0
ScorangerTests/ChatDispatchTests/testSimplifyRhythmIsReachableInBothModes()	0.0
ScorangerTests/ChatDispatchTests/testSimplifyRhythmRefusesToChooseAModeForTheReader()	0.0
ScorangerTests/ChatDispatchTests/testStripNotesIsReachable()	0.0
ScorangerTests/ChatDispatchTests/testTheMarkToolsReachTheirBridgeOps()	0.0
ScorangerTests/ChatDispatchTests/testTheScoreIsAddedAndCannotBeOverriddenByTheModel()	0.0
ScorangerTests/ChatDispatchTests/testTheStepLineNamesTheMusicAndNotTheTool()	0.0
ScorangerTests/ChatDispatchTests/testTheStepLineSaysWhichAnswerWasTaken()	0.0
ScorangerTests/ChatDispatchTests/testTheToolListIsWellFormedAndUnique()	0.0
ScorangerTests/ChatKeyTests/testARetiredKeyLeftInTheKeychainCountsAsMissing()	0.0
ScorangerTests/ChatKeyTests/testNoSavedKeyMeansNoChatKey()	0.0
ScorangerTests/ChatKeyTests/testSettingsSaysWhichKeyIsInUse()	0.0
ScorangerTests/ChatKeyTests/testTheHashIsTheStandardSHA256()	0.0
ScorangerTests/ChatKeyTests/testTheReadersOwnKeyIsUsedAsSaved()	0.0
ScorangerTests/ChatKeyTests/testTheSentencesSayWhereAKeyComesFromAndWhereItGoes()	0.0
ScorangerTests/ChatStepErrorTests/testAClassNameAloneIsNotDroppedIntoNothing()	0.0
ScorangerTests/ChatStepErrorTests/testAColonInTheMessageIsNotAClassName()	0.0
ScorangerTests/ChatStepErrorTests/testATracebackIsReducedToItsLastLine()	0.0
ScorangerTests/ChatStepErrorTests/testAVeryLongReasonIsCutWithAnEllipsis()	0.0
ScorangerTests/ChatStepErrorTests/testEveryExceptionShapeTheEngineCanRaise()	0.0
ScorangerTests/ChatStepErrorTests/testThePythonClassNameGoesAndTheReasonStays()	0.0
ScorangerTests/ChatStepErrorTests/testTheReaderReachesThePartListThatUsedToBeCutOff()	0.0
ScorangerTests/ChatWireTests/testAProviderMessageNeverReachesTheReaderAsJSON()	0.0
ScorangerTests/ChatWireTests/testAReasoningBlobOnAUserMessageIsLeftAlone()	0.0
ScorangerTests/ChatWireTests/testAlisErrorIsRecognisedForWhatItIs()	0.0
ScorangerTests/ChatWireTests/testAnUnreadableBodyIsAFaultAndNotACrash()	0.0
ScorangerTests/ChatWireTests/testNoFaultRaisedOnASuccess()	0.0
ScorangerTests/ChatWireTests/testStrippingATurnWithNoReasoningChangesNothing()	0.0
ScorangerTests/ChatWireTests/testStrippingTakesTheReasoningAndNothingElse()	0.0
ScorangerTests/ChatWireTests/testTheOtherFaultsAreToldApart()	0.0
ScorangerTests/ChatWireTests/testTheReaderIsToldWhatToDo()	0.0
ScorangerTests/ChatWireTests/testTheWrappedShapeFindsTheProvidersOwnWords()	0.0
ScorangerTests/ChordAdjustSessionTests/testAFreshSessionHasNothingPending()	0.0
ScorangerTests/ChordAdjustSessionTests/testAMoveDownSaysDown()	0.0
ScorangerTests/ChordAdjustSessionTests/testAResetCommitsAsAReset()	0.0
ScorangerTests/ChordAdjustSessionTests/testASizeOnlyChangeSaysOnlyTheSize()	0.0
ScorangerTests/ChordAdjustSessionTests/testAnOffLadderSizeStepsToTheNearestRung()	0.0
ScorangerTests/ChordAdjustSessionTests/testBiggerMovesOneRung()	0.0
ScorangerTests/ChordAdjustSessionTests/testBothAxesAreNamed()	0.0
ScorangerTests/ChordAdjustSessionTests/testHorizontalIsClampedToTwoStaffSpaces()	0.0
ScorangerTests/ChordAdjustSessionTests/testNothingPendingCommitsNothing()	0.0
ScorangerTests/ChordAdjustSessionTests/testNothingPendingHasNoDescription()	0.0
ScorangerTests/ChordAdjustSessionTests/testNudgesAccumulate()	0.0
ScorangerTests/ChordAdjustSessionTests/testNudgingDownLowersTheOffset()	0.0
ScorangerTests/ChordAdjustSessionTests/testNudgingUpRaisesTheOffset()	0.0
ScorangerTests/ChordAdjustSessionTests/testOneNudgeIsHalfAStaffSpace()	0.0
ScorangerTests/ChordAdjustSessionTests/testOppositeNudgesCancel()	0.0
ScorangerTests/ChordAdjustSessionTests/testResetIsAChangeThatCommits()	0.0
ScorangerTests/ChordAdjustSessionTests/testResetSaysSo()	0.0
ScorangerTests/ChordAdjustSessionTests/testResettingSomethingAlreadyDefaultChangesNothing()	0.0
ScorangerTests/ChordAdjustSessionTests/testRevertDiscardsEverythingUncommitted()	0.0
ScorangerTests/ChordAdjustSessionTests/testSmallerMovesOneRung()	0.0
ScorangerTests/ChordAdjustSessionTests/testTheClampCountsWhatIsAlreadyInTheNotation()	0.0
ScorangerTests/ChordAdjustSessionTests/testTheCommitCarriesAbsoluteValues()	0.0
ScorangerTests/ChordAdjustSessionTests/testTheLadderIsCleanValues()	0.0
ScorangerTests/ChordAdjustSessionTests/testTheLadderStopsAtItsEnds()	0.0
ScorangerTests/ChordAdjustSessionTests/testThePendingLineNamesTheMoveAndTheSize()	0.0
ScorangerTests/ChordAdjustSessionTests/testTwelveIsTheDefault()	0.0
ScorangerTests/ChordAdjustSessionTests/testVerticalIsClampedToFourStaffSpaces()	0.0
ScorangerTests/ChordDiagramsTests/testABarreIsOneFingerAcrossTheNeck()	0.0
ScorangerTests/ChordDiagramsTests/testDrawingReplacesTheReservedBlock()	0.0
ScorangerTests/ChordDiagramsTests/testDrawsWhatThePDFDraws()	0.0
ScorangerTests/ChordDiagramsTests/testFingeringReadsTheNotationAndNothingElse()	0.0
ScorangerTests/ChordDiagramsTests/testShapeReadsTheNotation()	0.0
ScorangerTests/ChordDiagramsTests/testTheBlockIsReservedAndPinnedToOneLevel()	0.0
ScorangerTests/ChordDiagramsTests/testTheMarksRowShowsTheHand()	0.0
ScorangerTests/ChordDiagramsTests/testTheNutIsTheWindow()	0.0
ScorangerTests/ChordDiagramsTests/testTheReadersOwnNudgeIsCarried()	0.0
ScorangerTests/ChordPlacementTests/testAChartedSymbolAsksForTheStaff()	0.0
ScorangerTests/ChordPlacementTests/testAFourFourBarCentresAtTwoAndAHalf()	0.0
ScorangerTests/ChordPlacementTests/testAThreeFourBarCentresAtTwo()	0.0
ScorangerTests/ChordPlacementTests/testAnExistingPlacementIsReplacedNotDoubled()	0.0
ScorangerTests/ChordPlacementTests/testAnUnaskedNeighbourIsLeftAlone()	0.0
ScorangerTests/ChordPlacementTests/testAnUntouchedSymbolDoesNotAskForTheStaff()	0.0
ScorangerTests/ChordPlacementTests/testAskingCentresItInTheBar()	0.0
ScorangerTests/ChordPlacementTests/testAskingPutsTheSymbolOnTheStaff()	0.0
ScorangerTests/ChordPlacementTests/testEachSymbolAnswersForItself()	0.0
ScorangerTests/ChordPlacementTests/testNoChordSymbolsMeansNoFlags()	0.0
ScorangerTests/ChordPlacementTests/testNoMeterLeavesTheBeatAlone()	0.0
ScorangerTests/ChordPlacementTests/testNothingAsksSoNothingIsRewritten()	0.0
ScorangerTests/ChordPlacementTests/testPlacementAloneIsNotAChart()	0.0
ScorangerTests/ChordPlacementTests/testTheMeterIsReadFromEitherSpelling()	0.0
ScorangerTests/CombinePiecesTests/testAMissingComposerIsTakenFromTheFirstThatHasOne()	0.0
ScorangerTests/CombinePiecesTests/testAnEmptySurvivorIsNotToldItKeptNumbers()	0.0
ScorangerTests/CombinePiecesTests/testAnExistingCreditIsNotOverwritten()	0.0
ScorangerTests/CombinePiecesTests/testNoPiecesIsNotAPlan()	0.0
ScorangerTests/CombinePiecesTests/testOnePieceIsNotAPlan()	0.0
ScorangerTests/CombinePiecesTests/testSeveralPiecesAreCountedNotListed()	0.0
ScorangerTests/CombinePiecesTests/testTagsAreUnionedAndDeduplicated()	0.0
ScorangerTests/CombinePiecesTests/testTheBarOffersCombineForPiecesAndOnlyWithSeveral()	0.0
ScorangerTests/CombinePiecesTests/testTheFirstListedSurvives()	0.0
ScorangerTests/CombinePiecesTests/testTheNoUndoWarningIsAlwaysTheLastThingSaid()	0.0
ScorangerTests/CombinePiecesTests/testTheSurvivorsArrangementsKeepTheirNumbers()	0.0
ScorangerTests/ContinuousFollowTests/testNoChipInPerformanceMode()	0.0
ScorangerTests/ContinuousFollowTests/testNoChipWhenNothingIsPlaying()	0.0
ScorangerTests/ContinuousFollowTests/testNoChipWhileTheAppIsStillFollowing()	0.0
ScorangerTests/ContinuousFollowTests/testNoChipWhileTheLineIsStillOnScreen()	0.0
ScorangerTests/ContinuousFollowTests/testNoChipWithoutAPositionToGoBackTo()	0.0
ScorangerTests/ContinuousFollowTests/testTheChipAppearsWhenTheLineHasRunOffTheScreen()	0.0
ScorangerTests/ContinuousPlayheadTests/testANoteStaysLitUntilTheLineReachesTheNext()	0.0
ScorangerTests/ContinuousPlayheadTests/testAPositionIsDrawnAsItIs()	0.0
ScorangerTests/ContinuousPlayheadTests/testAShortScoreNeverScrolls()	0.0
ScorangerTests/ContinuousPlayheadTests/testAnEmptyViewportIsNotADivision()	0.0
ScorangerTests/ContinuousPlayheadTests/testAtTheEndTheScoreStopsAndTheLineTravelsOn()	0.0
ScorangerTests/ContinuousPlayheadTests/testAtTheStartTheScoreHoldsStillAndTheLineTravels()	0.0
ScorangerTests/ContinuousPlayheadTests/testEveryStaffSoundingUnderTheLineIsLit()	0.0
ScorangerTests/ContinuousPlayheadTests/testNothingIsLitBeforeTheFirstNote()	0.0
ScorangerTests/ContinuousPlayheadTests/testNothingToHoldIsStillNothing()	0.0
ScorangerTests/ContinuousPlayheadTests/testStoppedANilTickMeansNoLine()	0.0
ScorangerTests/ContinuousPlayheadTests/testTheLineStandsStillWhileTheScoreScrolls()	0.0
ScorangerTests/ContinuousPlayheadTests/testWhilePlayingANilTickKeepsTheLastLine()	0.0
ScorangerTests/ContinuousTileRasterTests/testATileBeyondTheStripIsBlank()	0.7
ScorangerTests/ContinuousTileRasterTests/testATileShowsOnlyItsOwnSliceOfTheStrip()	0.5
ScorangerTests/ContinuousTileRasterTests/testInkSpansTheTileHeightRatherThanCollapsingIntoABand()	0.8
ScorangerTests/ContinuousTileRasterTests/testTheRasterHonoursTheFittedScale()	1.0
ScorangerTests/ContinuousTilesTests/testAShortScoreDoesNotScroll()	0.0
ScorangerTests/ContinuousTilesTests/testASingleStaffIsNotBlownUpToFillTheHeight()	0.0
ScorangerTests/ContinuousTilesTests/testATallStripIsStillFittedToTheHeight()	0.0
ScorangerTests/ContinuousTilesTests/testATapAdvancesOneViewportWidth()	0.0
ScorangerTests/ContinuousTilesTests/testATapCannotLeaveTheScore()	0.0
ScorangerTests/ContinuousTilesTests/testAnEmptyStripHasNoTiles()	0.0
ScorangerTests/ContinuousTilesTests/testAnEmptyViewportDoesNotDivideByZero()	0.0
ScorangerTests/ContinuousTilesTests/testNoSliceBeforeTheScrollViewHasReported()	0.0
ScorangerTests/ContinuousTilesTests/testOnlyTheTilesNearTheViewportAreDrawnAtDepth()	0.0
ScorangerTests/ContinuousTilesTests/testTheChromeIsKeptClear()	0.0
ScorangerTests/ContinuousTilesTests/testTheHeadOfTheStripIsTheHeadOfTheScore()	0.0
ScorangerTests/ContinuousTilesTests/testTheLastTileIsShortRatherThanOverhanging()	0.0
ScorangerTests/ContinuousTilesTests/testTheSliceCannotRunPastTheEndOfTheMusic()	0.0
ScorangerTests/ContinuousTilesTests/testTheStripIsFittedByHeightWhileThatFitsUnderTheCeiling()	0.0
ScorangerTests/ContinuousTilesTests/testTheStripIsNeverMoreThanTwiceTheSizeItIsOnAFittedPage()	0.0
ScorangerTests/ContinuousTilesTests/testTheTilesCoverTheStripExactlyOnce()	0.0
ScorangerTests/ContinuousTilesTests/testTheTilesEitherSideAreDrawnSoAScrollFindsThemReady()	0.0
ScorangerTests/ContinuousTilesTests/testTheVisibleSliceIsTheViewportInEngravedCoordinates()	0.0
ScorangerTests/ContinuousTilesTests/testWithNothingVisibleTheHeadOfTheStripIsDrawn()	0.0
ScorangerTests/ContinuousZoomOutTests/testAShortStripIsNotGivenAFloorAboveItsFit()	0.0
ScorangerTests/ContinuousZoomOutTests/testATallerStripZoomsOutFurther()	0.0
ScorangerTests/ContinuousZoomOutTests/testAnUnmeasuredStripAnswersOne()	0.0
ScorangerTests/ContinuousZoomOutTests/testItNeverGoesUselesslyTiny()	0.0
ScorangerTests/ContinuousZoomOutTests/testTheFloorIsFarBelowWhatItWas()	0.0
ScorangerTests/ContinuousZoomOutTests/testThePagedFloorIsUnchanged()	0.0
ScorangerTests/ConvertOfferTests/testAScanOpensTheOffer()	0.0
ScorangerTests/ConvertOfferTests/testAnAnsweredOfferDoesNotReopen()	0.0
ScorangerTests/ConvertOfferTests/testItDoesNotOpenOverAJobThatIsAlreadyRunning()	0.0
ScorangerTests/ConvertOfferTests/testNoSlugNoOffer()	0.0
ScorangerTests/ConvertOfferTests/testNotationNeverOpensIt()	0.0
ScorangerTests/ConvertOfferTests/testTheRowStatesItsAnswer()	0.0
ScorangerTests/CounterPlacementTests/testOnACompactWidthTheyDoNotMove()	0.0
ScorangerTests/CounterPlacementTests/testTheCountersStayOverTheMusicWhenChatOpens()	0.0
ScorangerTests/CounterPlacementTests/testWithoutChatTheySitWhereTheyAlwaysDid()	0.0
ScorangerTests/DiatonicHarmonyTests/testAnIntervalTheTableDoesNotNameStillReads()	0.0
ScorangerTests/DiatonicHarmonyTests/testTheSelectionFormSaysTheSame()	0.0
ScorangerTests/DiatonicHarmonyTests/testTheStepSaysWhatTheMusicIsDoing()	0.0
ScorangerTests/DrawingStoreTests/testALocalArrangementStillMigratesAlongsideSharedMarkup()	0.0
ScorangerTests/DrawingStoreTests/testAPrefixSharedBetweenTwoScoresDoesNotBleed()	0.0
ScorangerTests/DrawingStoreTests/testARenameDoesNotOrphanMarkup()	0.0
ScorangerTests/DrawingStoreTests/testAScoreWithNoUidKeepsItsMarkupReachable()	0.0
ScorangerTests/DrawingStoreTests/testASharedEntrysMarkupIsLeftWhereItIs()	0.0
ScorangerTests/DrawingStoreTests/testAnOccupiedDestinationIsNotOverwritten()	0.0
ScorangerTests/DrawingStoreTests/testBothHopsAreOneMove()	0.0
ScorangerTests/DrawingStoreTests/testEveryPageMoves()	0.0
ScorangerTests/DrawingStoreTests/testMarkupFiledUnderTheOldVersionLabelIsFoundUnderTheId()	0.0
ScorangerTests/DrawingStoreTests/testMarkupFiledUnderTheSlugIsFoundUnderTheUid()	0.0
ScorangerTests/DrawingStoreTests/testRunningTwiceChangesNothing()	0.0
ScorangerTests/ElementAdjustmentsTests/testAChordDiagramIsNotReadAsATextMark()	0.0
ScorangerTests/ElementAdjustmentsTests/testADiagramMarkerIsNotMovedTwice()	0.0
ScorangerTests/ElementAdjustmentsTests/testAGlyphsSizeReachesTheDrawnPage()	0.0
ScorangerTests/ElementAdjustmentsTests/testAResizedGlyphKeepsItsAnchor()	0.0
ScorangerTests/ElementAdjustmentsTests/testATextMarksSizeReachesTheDrawnPage()	0.0
ScorangerTests/ElementAdjustmentsTests/testEveryAdjustableKindIsReadOutOfTheMusicXML()	0.0
ScorangerTests/ElementAdjustmentsTests/testEveryKindsOffsetReachesTheMEI()	0.0
ScorangerTests/ElementAdjustmentsTests/testUpIsUp()	0.0
ScorangerTests/EngravingOptionsTests/testBothSetsAreValidJSON()	0.0
ScorangerTests/EngravingOptionsTests/testBreaksDifferByLayout()	0.0
ScorangerTests/EngravingOptionsTests/testEngravedPageSizeMatchesWhatVerovioEmits()	0.0
ScorangerTests/EngravingOptionsTests/testEveryLayoutDependentOptionIsNamedInBothSets()	0.0
ScorangerTests/EngravingOptionsTests/testOnlyTheReadersMarkHonoursTheBreaks()	0.0
ScorangerTests/EngravingOptionsTests/testPageHeightIsOnlyAdjustedForTheStrip()	0.0
ScorangerTests/EngravingOptionsTests/testTheSystemsAreSpreadDownAPageAndNotDownTheStrip()	0.0
ScorangerTests/FingeringDiagramTests/testAColumnWithAnOctaveMarkSitsOnTheSameBaselineAsOneWithout()	0.0
ScorangerTests/FingeringDiagramTests/testAHoleIsALittleSmallerThanANotehead()	0.0
ScorangerTests/FingeringDiagramTests/testALoneUntaggedLyricIsNeverTouched()	0.0
ScorangerTests/FingeringDiagramTests/testAMixedRunOfWordsAndHolesIsNotAColumn()	0.0
ScorangerTests/FingeringDiagramTests/testAPageWithNoFingeringsIsReturnedUnchanged()	0.0
ScorangerTests/FingeringDiagramTests/testAScoreWithNoVersesIsLeftAlone()	0.0
ScorangerTests/FingeringDiagramTests/testAShortUntaggedRunIsLeftAsWords()	0.0
ScorangerTests/FingeringDiagramTests/testASungLyricIsNotMoved()	0.0
ScorangerTests/FingeringDiagramTests/testAnEvenColumnGivesItsOwnSpacing()	0.0
ScorangerTests/FingeringDiagramTests/testAnUntaggedColumnFromAnEarlierBuildIsStillDrawn()	0.0
ScorangerTests/FingeringDiagramTests/testAnUntaggedColumnIsAlsoMovedAbove()	0.0
ScorangerTests/FingeringDiagramTests/testAnUntaggedColumnWithAnOctaveMarkStillDraws()	0.0
ScorangerTests/FingeringDiagramTests/testColumnsAreSeparatedByTheirNotePosition()	0.0
ScorangerTests/FingeringDiagramTests/testCoveredHoleBecomesAFilledShape()	0.0
ScorangerTests/FingeringDiagramTests/testDiagramScalesWithTheEngraving()	0.0
ScorangerTests/FingeringDiagramTests/testDrawsThePackedColumnsExactlyAsThePDFDoes()	0.2
ScorangerTests/FingeringDiagramTests/testEveryHoleOfAColumnIsDrawn()	0.0
ScorangerTests/FingeringDiagramTests/testEverythingScalesWithTheStaff()	0.0
ScorangerTests/FingeringDiagramTests/testFingeringVersesAreMovedAboveTheStaff()	0.0
ScorangerTests/FingeringDiagramTests/testHalfHoleGetsBothARingAndAFill()	0.0
ScorangerTests/FingeringDiagramTests/testNothingToMeasureGivesZeroRatherThanAGuess()	0.0
ScorangerTests/FingeringDiagramTests/testOpenHoleBecomesAStrokedRing()	0.0
ScorangerTests/FingeringDiagramTests/testRadiusComesFromTheGlyphNotTheZeroSizedTextElement()	0.0
ScorangerTests/FingeringDiagramTests/testSixRowsIsTheLayoutEveryEarlierBuildDrew()	0.0
ScorangerTests/FingeringDiagramTests/testTheColumnHangsFromItsBottomRow()	0.0
ScorangerTests/FingeringDiagramTests/testTheColumnLosesAboutHalfItsFootprint()	0.0
ScorangerTests/FingeringDiagramTests/testTheDefaultPacksSixHolesIntoFourRows()	0.0
ScorangerTests/FingeringDiagramTests/testTheDiagramIsAboutHalfTheGlyphItReplaces()	0.0
ScorangerTests/FingeringDiagramTests/testTheDiagramSizeIsHalfTheTextItReplaces()	0.0
ScorangerTests/FingeringDiagramTests/testTheDiagramSizeIsUnchangedFromWhatShipped()	0.0
ScorangerTests/FingeringDiagramTests/testTheHolesDoNotTouchOnceTheRowsAreTightened()	0.0
ScorangerTests/FingeringDiagramTests/testTheHolesGotBiggerNotSmaller()	0.0
ScorangerTests/FingeringDiagramTests/testTheOctaveMarkHangsBelowTheSharedBaseline()	0.0
ScorangerTests/FingeringDiagramTests/testTheOctaveMarkIsCentredOnItsColumn()	0.0
ScorangerTests/FingeringDiagramTests/testTheOctaveMarkKeepsItsOwnRowWhenPacked()	0.0
ScorangerTests/FingeringDiagramTests/testTheOctaveMarkScalesWithTheCircles()	0.0
ScorangerTests/FingeringDiagramTests/testTheOctaveMarkStaysAsText()	0.0
ScorangerTests/FingeringDiagramTests/testTheOctaveMarkTravelsWithItsColumn()	0.0
ScorangerTests/FingeringDiagramTests/testThePitchIgnoresTheOctaveMarkHangingBelow()	0.0
ScorangerTests/FingeringDiagramTests/testVersesOnAChordAreMovedToo()	0.0
ScorangerTests/FingeringDiagramTests/testWordsAreNeverPacked()	0.0
ScorangerTests/FolderImportTests/testAnEmptyFolderPlansNothing()	0.0
ScorangerTests/FolderImportTests/testAnUnexpectedShapeIsRefused()	0.0
ScorangerTests/FolderImportTests/testIgnoredFilesAreCounted()	0.0
ScorangerTests/FolderImportTests/testItDecodesPiecesAndTheirArrangements()	0.0
ScorangerTests/FolderImportTests/testItSingularisesOnePiece()	0.0
ScorangerTests/FolderImportTests/testTheSummarySaysWhatWillHappen()	0.0
ScorangerTests/FolderScanTests/testAFolderPerPieceComesBackAsRelativePaths()	0.0
ScorangerTests/FolderScanTests/testAFolderThatIsNotThereListsNothing()	0.0
ScorangerTests/FolderScanTests/testDirectoriesThemselvesAreNotListed()	0.0
ScorangerTests/FolderScanTests/testItReachesFilesMoreThanOneLevelDown()	0.0
ScorangerTests/FolderScanTests/testPathsAreRelativeToTheChosenFolderNotAbsolute()	0.0
ScorangerTests/GeneralMIDITests/testAProgramKnowsWhichFamilyItIsIn()	0.0
ScorangerTests/GeneralMIDITests/testAProgramThePercussionBankDoesNotHoldIsNotInvented()	0.0
ScorangerTests/GeneralMIDITests/testEveryEntrySitsAtItsOwnProgramNumber()	0.0
ScorangerTests/GeneralMIDITests/testEveryInstrumentIsNamedInBothLengths()	0.0
ScorangerTests/GeneralMIDITests/testTheFamiliesPartitionTheWholeBank()	0.0
ScorangerTests/GeneralMIDITests/testTheKitsAreTheirOwnFamily()	0.0
ScorangerTests/GeneralMIDITests/testTheMelodicBankIsAllOneHundredAndTwentyEightPrograms()	0.0
ScorangerTests/GeneralMIDITests/testTheNamesAreTheOnesAMusicianWouldRecognise()	0.0
ScorangerTests/GeneralMIDITests/testThePercussionBankIsTheKitsTheFileActuallyHolds()	0.0
ScorangerTests/GeneralMIDITests/testThePercussionBankIsTheNineKitsTheFileActuallyHolds()	0.0
ScorangerTests/GeneralMIDITests/testTheShortLabelFitsAChannelStrip()	0.0
ScorangerTests/GeneralMIDITests/testTheSixteenMelodicFamiliesAreEightProgramsEach()	0.0
ScorangerTests/GeneralMIDITests/testTheTwoBanksAddressDifferentPlaces()	0.0
ScorangerTests/GuitarDrawingTests/testAPageWithNeitherIsLeftAlone()	0.0
ScorangerTests/GuitarDrawingTests/testTheDrawingReachesTheDeviceRenderer()	0.0
ScorangerTests/HoldingPolicyTests/testABookIsNeverFetchedAutomaticallyEvenWhenItIsTheLatestThing()	0.0
ScorangerTests/HoldingPolicyTests/testALargeScanIsTreatedLikeABook()	0.0
ScorangerTests/HoldingPolicyTests/testASetlistMarkedOfflineAndAPinnedVersionAreExempt()	0.0
ScorangerTests/HoldingPolicyTests/testAnArtifactThatHasNotBeenPushedIsNeverEvicted()	0.0
ScorangerTests/HoldingPolicyTests/testAnOldVersionIsARowWithADownloadAffordanceNotAnError()	0.0
ScorangerTests/HoldingPolicyTests/testDocumentsAndInkGoOverAnything()	0.0
ScorangerTests/HoldingPolicyTests/testEvictionIsLeastRecentlyOpenedAndStopsWhenItFits()	0.0
ScorangerTests/HoldingPolicyTests/testEvictionKeepsGoingUntilItFits()	0.0
ScorangerTests/HoldingPolicyTests/testNotationWaitsForWifiUnlessTheReaderSaysOtherwise()	0.0
ScorangerTests/HoldingPolicyTests/testNothingIsEvictedWhenItAlreadyFits()	0.0
ScorangerTests/HoldingPolicyTests/testNothingTransfersWithNoConnection()	0.0
ScorangerTests/HoldingPolicyTests/testRecentlyOpenedIsHeldAndThenIsNot()	0.0
ScorangerTests/HoldingPolicyTests/testTheBudgetLosesToAnUnpushedArtifact()	0.0
ScorangerTests/HoldingPolicyTests/testTheCellularSettingDoesNotUnlockABook()	0.0
ScorangerTests/HoldingPolicyTests/testTheLatestVersionOfEveryScoreIsFetched()	0.0
ScorangerTests/ImportContentTypeTests/testABCResolvesToAlembicAndThePickerTakesItAnyway()	0.0
ScorangerTests/ImportContentTypeTests/testABCTakesTheNotationPath()	0.0
ScorangerTests/ImportContentTypeTests/testAnImageImportsLikeAScan()	0.0
ScorangerTests/ImportContentTypeTests/testEveryImageTheAppAcceptsIsSelectableInThePicker()	0.0
ScorangerTests/ImportContentTypeTests/testFilesOfferPictures()	0.0
ScorangerTests/ImportContentTypeTests/testTheImageTypesAreTheOnesTheEngineTakes()	0.0
ScorangerTests/ImportContentTypeTests/testTheOtherTwoIntentsAreUnchanged()	0.0
ScorangerTests/ImportContentTypeTests/testThePickerOffersNothingThePipelineWouldRefuse()	0.0
ScorangerTests/ImportContentTypeTests/testTheScoreTypesItAlwaysTookAreStillThere()	0.0
ScorangerTests/ImportContentTypeTests/testTheUmbrellaIsMadeSafeByNormalising()	0.0
ScorangerTests/ImportIntentTests/testABookIsStillABookAfterTheSheetCloses()	0.0
ScorangerTests/ImportIntentTests/testAskingIsWhatPresentsThePicker()	0.0
ScorangerTests/ImportIntentTests/testEachKindAsksThePickerForTheRightThing()	0.0
ScorangerTests/ImportIntentTests/testTheLatestRequestWins()	0.0
ScorangerTests/ImportIntentTests/testTheRequestSurvivesTheDismissalThatPrecedesTheCompletion()	0.0
ScorangerTests/ImportProgressTests/testABookInFlightBelongsUnderBooks()	0.0
ScorangerTests/ImportProgressTests/testAFailureNamesTheBookAndKeepsTheEnginesReason()	0.0
ScorangerTests/ImportProgressTests/testAFailureWithNothingToSayStillSaysItFailed()	0.0
ScorangerTests/ImportProgressTests/testAScoreInFlightStillBelongsUnderPieces()	0.0
ScorangerTests/ImportProgressTests/testNoTwoTargetsShareASegment()	0.0
ScorangerTests/ImportProgressTests/testTakingPagesOutReportsItsOwnFailure()	0.0
ScorangerTests/ImportProgressTests/testTheStagesAreDistinctAndReadable()	0.0
ScorangerTests/IncomingCopyTests/testAMissingSourceIsAnError()	0.0
ScorangerTests/IncomingCopyTests/testAnEarlierArrivalOfTheSameNameIsReplaced()	0.0
ScorangerTests/IncomingCopyTests/testTheCopyLandsWhole()	0.0
ScorangerTests/InkBarPlacementTests/testABarWiderThanItsPaneStaysReachable()	0.0
ScorangerTests/InkBarPlacementTests/testAPaneWithNoRoomReportsTheBarAsUnmovable()	0.0
ScorangerTests/InkBarPlacementTests/testAnUnmeasuredPaneLeavesItDocked()	0.0
ScorangerTests/InkBarPlacementTests/testItCanBeMovedUpOffTheMusic()	0.0
ScorangerTests/InkBarPlacementTests/testItCanReachEveryPartOfTheScreen()	0.0
ScorangerTests/InkBarPlacementTests/testItCannotBePushedEntirelyOffTheScreen()	0.0
ScorangerTests/InkBarPlacementTests/testItReachesFurtherSidewaysThanTheOldClampAllowed()	0.0
ScorangerTests/InkBarPlacementTests/testItStaysInsideThePaneVertically()	0.0
ScorangerTests/InkBarPlacementTests/testTheBarStartsDockedInTheFooter()	0.0
ScorangerTests/InkSharpnessTests/testADegenerateScreenScaleIsNotDividedBy()	0.0
ScorangerTests/InkSharpnessTests/testAnUnchangedZoomDoesNotRepaintTheCanvas()	0.0
ScorangerTests/InkSharpnessTests/testInkIsDrawnFinerAsTheScoreIsZoomedIn()	0.0
ScorangerTests/InkSharpnessTests/testItFollowsTheScreenScale()	0.0
ScorangerTests/InkSharpnessTests/testItIsBoundedSoDeepZoomCannotExhaustMemory()	0.0
ScorangerTests/InkSharpnessTests/testZoomingOutNeverDegradesTheInk()	0.0
ScorangerTests/InstrumentGuessTests/testABareRangeWordIsNotReadAsASinger()	0.0
ScorangerTests/InstrumentGuessTests/testANameWithNothingInItIsNotGuessedAt()	0.0
ScorangerTests/InstrumentGuessTests/testAStaffNameIsReadThroughItsPunctuationAndCase()	0.0
ScorangerTests/InstrumentGuessTests/testBassIsNotReadOutOfAnInstrumentThatMerelyContainsTheWord()	0.0
ScorangerTests/InstrumentGuessTests/testEveryGuessNamesAProgramTheBankActuallyHolds()	0.0
ScorangerTests/InstrumentGuessTests/testHarpDoesNotSwallowHarpsichordOrHarmonica()	0.0
ScorangerTests/InstrumentGuessTests/testNormalisationFlattensToSinglePaddedWords()	0.0
ScorangerTests/InstrumentGuessTests/testSteelDrumsAreNotAGuitar()	0.0
ScorangerTests/InstrumentGuessTests/testTheAccordionStavesThisAppCreatesAreAccordions()	0.0
ScorangerTests/InstrumentGuessTests/testTheCommonOrchestralNames()	0.0
ScorangerTests/InstrumentGuessTests/testTheGuitarsAreTheirOwnPrograms()	0.0
ScorangerTests/InstrumentGuessTests/testTheHornsAreToldApart()	0.0
ScorangerTests/InstrumentGuessTests/testTheOrgansAreToldApart()	0.0
ScorangerTests/InstrumentGuessTests/testThePennyWhistleIsAWhistle()	0.0
ScorangerTests/InstrumentGuessTests/testTheSaxophonesAreDistinguishedAndTheBareWordIsAnAlto()	0.0
ScorangerTests/InstrumentGuessTests/testTheStringFamilyDoesNotCatchItsOwnLongerNames()	0.0
ScorangerTests/InstrumentGuessTests/testTubularBellsIsNotATuba()	0.0
ScorangerTests/InstrumentGuessTests/testVoiceIsNotAChoirBecauseItIsWhatAnUnlabelledStaffIsCalled()	0.0
ScorangerTests/InviteQRCodeTests/testACodeCarryingSomethingElseIsRefused()	0.0
ScorangerTests/InviteQRCodeTests/testARealLengthFirestoreIdRoundTrips()	0.2
ScorangerTests/InviteQRCodeTests/testAScannedCodeResolvesToTheInviteId()	0.0
ScorangerTests/InviteQRCodeTests/testAnEmptyPayloadMakesNoImage()	0.0
ScorangerTests/InviteQRCodeTests/testScalingUsesWholeMultiplesSoModuleEdgesStaySharp()	0.0
ScorangerTests/InviteQRCodeTests/testTheCodeDecodesBackToTheInvitationUrl()	0.0
ScorangerTests/InviteQRCodeTests/testTheCodeIsScaledUpAndStaysDecodable()	0.0
ScorangerTests/KeyboardInsetTests/testAKeyboardShorterThanTheSafeAreaNeverPushesAPanelDown()	0.0
ScorangerTests/KeyboardInsetTests/testAPanelIsLiftedByWhatTheKeyboardCoversAboveTheSafeArea()	0.0
ScorangerTests/KeyboardInsetTests/testAScreenWithNoHomeIndicatorTakesTheWholeKeyboard()	0.0
ScorangerTests/KeyboardInsetTests/testNoKeyboardLiftsNothing()	0.0
ScorangerTests/LandscapeCanvasTests/testASpreadStillFitsAcrossTheLandscapeWidth()	0.0
ScorangerTests/LandscapeCanvasTests/testPortraitIsUntouched()	0.0
ScorangerTests/LandscapeCanvasTests/testTheOldReservesAreWhatMadeItSmall()	0.0
ScorangerTests/LandscapeCanvasTests/testThePageNowFillsTheLandscapeBand()	0.0
ScorangerTests/LandscapeCanvasTests/testTheReservesShrinkOnlyWhereTheHeightCannotAffordThem()	0.0
ScorangerTests/LandscapeCanvasTests/testTheShortViewportIsThePhoneOnItsSide()	0.0
ScorangerTests/LassoArmingTests/testItDisarmsAfterOneLoopUnlessLatched()	0.0
ScorangerTests/LassoArmingTests/testTheArmedStatesAreDistinguishable()	0.0
ScorangerTests/LassoArmingTests/testTheControlCyclesOffOnceLatchedOff()	0.0
ScorangerTests/LassoGateTests/testABroadContactIsAPalmEvenFarFromThePencil()	0.0
ScorangerTests/LassoGateTests/testABroadRestingContactIsStillAPalm()	0.0
ScorangerTests/LassoGateTests/testAContactRightBesideTheTipIsStillTheDrawingHand()	0.0
ScorangerTests/LassoGateTests/testAFingerAlreadyDownMakesTheStrokeAdd()	0.0
ScorangerTests/LassoGateTests/testAFingerDoesNotChangeWhatThePencilDoesYet()	0.0
ScorangerTests/LassoGateTests/testAFingerHeldNearThePassageStillCounts()	0.0
ScorangerTests/LassoGateTests/testAFingerLandingDoesNothingAtAll()	0.0
ScorangerTests/LassoGateTests/testAFingerNeverLassos()	0.0
ScorangerTests/LassoGateTests/testAFingerRestingOnGlassIsAllowedALittleWander()	0.0
ScorangerTests/LassoGateTests/testAFingertipBesideThePencilIsTheHandHoldingIt()	0.0
ScorangerTests/LassoGateTests/testAFirmFingertipIsNotMistakenForAPalm()	0.0
ScorangerTests/LassoGateTests/testAHeldFingerTurnsATapIntoAnAdd()	0.0
ScorangerTests/LassoGateTests/testALongTwoFingerRestIsNotAnUndo()	0.0
ScorangerTests/LassoGateTests/testAPalmDoesNotSilentlyTurnEveryLassoIntoAnAdd()	0.0
ScorangerTests/LassoGateTests/testAPencilDragLassosWhateverTheFingerIsDoing()	0.0
ScorangerTests/LassoGateTests/testAPencilLandingWithNoFingerHeldReplacesAtOnce()	0.0
ScorangerTests/LassoGateTests/testASmallContactFarFromThePencilIsTheOtherHand()	0.0
ScorangerTests/LassoGateTests/testATapWithNoFingerStillDrops()	0.0
ScorangerTests/LassoGateTests/testATwoFingerDragIsAPinchNotAnUndo()	0.0
ScorangerTests/LassoGateTests/testATwoFingerTapIsAnUndo()	0.0
ScorangerTests/LassoGateTests/testBothSignalsAreRequired()	0.0
ScorangerTests/LassoGateTests/testFingersPanAndZoomFreelyWithNoPencilDown()	0.0
ScorangerTests/LassoGateTests/testNothingAboutSelectionDependsOnTiming()	0.0
ScorangerTests/LassoGateTests/testOneFingerTapIsNotAnUndo()	0.0
ScorangerTests/LassoGateTests/testOneTapDropsAnElement()	0.0
ScorangerTests/LassoGateTests/testTheCanvasIsFrozenWhileThePencilSelects()	0.0
ScorangerTests/LassoGateTests/testTheCanvasStillMovesWhileThePencilIsDrawingInk()	0.0
ScorangerTests/LassoGateTests/testTheFingerOnlyDecidesAddVersusReplace()	0.0
ScorangerTests/LassoGateTests/testTheInkCanvasOwnsTheTapWhileItIsLive()	0.0
ScorangerTests/LassoGateTests/testThePencilIsAPenWhileMarkupIsOn()	0.0
ScorangerTests/LassoGateTests/testThePencilLassosImmediatelyWhenMarkupIsOff()	0.0
ScorangerTests/LassoGateTests/testTheSelectionIsNotTouchedInMarkupMode()	0.0
ScorangerTests/LassoGateTests/testTheStandInWaitsLongEnoughToTellALassoFromAPinch()	0.0
ScorangerTests/LassoGateTests/testThreeTapsSelectTheBarEverywhere()	0.0
ScorangerTests/LassoGateTests/testTwoTapsSelectTheBarOnThatStaff()	0.0
ScorangerTests/LassoGateTests/testWithInkOffTheOverlayStillOwnsTheUndoTap()	0.0
ScorangerTests/LibraryActionBarLayoutTests/testAtAPhonesWidthTheShortVerbsFit()	0.0
ScorangerTests/LibraryActionBarLayoutTests/testBothPiecesBarsFitOnOneRowOnAPhone()	0.0
ScorangerTests/LibraryActionBarLayoutTests/testEachRungIsNarrowerThanTheOneBefore()	0.0
ScorangerTests/LibraryActionBarLayoutTests/testTheChosenRungFitsAtEveryWidthAndSize()	0.2
ScorangerTests/LibraryActionBarLayoutTests/testThePiecesBarIsTheSameWidthWhateverIsSelected()	0.0
ScorangerTests/LibraryActionBarLayoutTests/testTheShortLabelsAreNounsAndTheSentenceSurvives()	0.0
ScorangerTests/LibraryActionRowTests/testAnUnmeasuredWidthIsNotTreatedAsNarrow()	0.0
ScorangerTests/LibraryActionRowTests/testEveryActionHasAGlyphAndAShortLabel()	0.0
ScorangerTests/LibraryActionRowTests/testItLinesUpWithTheListRows()	0.0
ScorangerTests/LibraryActionRowTests/testNoActionCollidesWithItsVerb()	0.0
ScorangerTests/LibraryActionRowTests/testTheButtonsFitTheRowWithRoomAboveAndBelow()	0.0
ScorangerTests/LibraryActionRowTests/testTheClustersAreHeldFurtherApartThanTheirOwnButtons()	0.0
ScorangerTests/LibraryActionRowTests/testTheIdentifiersAreTheLibrarysNotHomes()	0.0
ScorangerTests/LibraryActionRowTests/testTheRowCarriesEveryActionInThePanelsOldOrder()	0.0
ScorangerTests/LibraryActionRowTests/testTheRowIsCompactOnANarrowScreenAndNotOnAWideOne()	0.0
ScorangerTests/LibraryActionsTests/testAMixedSelectionOffersOnlyWhatIsTrueOfEverything()	0.0
ScorangerTests/LibraryActionsTests/testAPieceAndAnUnfiledArrangementTogetherAreMixed()	0.0
ScorangerTests/LibraryActionsTests/testAPieceCanBeFilledOrThrownAway()	0.0
ScorangerTests/LibraryActionsTests/testAPieceCannotBeDuplicatedOrPutInASetList()	0.0
ScorangerTests/LibraryActionsTests/testAPieceCannotBeMovedIntoAPiece()	0.0
ScorangerTests/LibraryActionsTests/testASelectionCanBecomeASetList()	0.0
ScorangerTests/LibraryActionsTests/testASelectionOfPiecesCanBecomeASetList()	0.0
ScorangerTests/LibraryActionsTests/testASetListCanOnlyBeDeleted()	0.0
ScorangerTests/LibraryActionsTests/testASingleDeleteIsJustDelete()	0.0
ScorangerTests/LibraryActionsTests/testAnArrangementCarriesTheFullSet()	0.0
ScorangerTests/LibraryActionsTests/testDeleteNamesWhatItWillDestroy()	0.0
ScorangerTests/LibraryActionsTests/testDeleteWorksOnManyAtOnce()	0.0
ScorangerTests/LibraryActionsTests/testEveryActionHasAStableIdentifier()	0.0
ScorangerTests/LibraryActionsTests/testNewArrangementNeedsExactlyOnePiece()	0.0
ScorangerTests/LibraryActionsTests/testNothingIsEnabledWithNothingSelected()	0.0
ScorangerTests/LibraryActionsTests/testNothingOffersARenameButton()	0.0
ScorangerTests/LibraryActionsTests/testOneKindSelectedIsThatKind()	0.0
ScorangerTests/LibraryActionsTests/testTheBarKeepsItsShapeWhateverIsSelected()	0.0
ScorangerTests/LibraryActionsTests/testTheNewSetListIsNamedForWhatWasChecked()	0.0
ScorangerTests/LibraryBarLayoutTests/testAnAccessibilitySizeBecomesAList()	0.0
ScorangerTests/LibraryBarLayoutTests/testAnIPadKeepsEveryLabel()	0.0
ScorangerTests/LibraryBarLayoutTests/testAnImpossibleWidthWrapsRatherThanOverflowing()	0.0
ScorangerTests/LibraryBarLayoutTests/testItSeatsOnlyWhatItCanDraw()	0.0
ScorangerTests/LibraryBarLayoutTests/testLabelsYieldInTheStatedOrder()	0.0
ScorangerTests/LibraryBarLayoutTests/testTheLabelWidthsAreMeasuredAtTheTextSize()	0.0
ScorangerTests/LibraryBarLayoutTests/testThePhoneDoesNotFitEverything()	0.0
ScorangerTests/LibraryBarLayoutTests/testThePhoneFitsUnderTheLongestSort()	0.0
ScorangerTests/LibraryCountTests/testAnEmptyLibrarySaysSoInWords()	0.0
ScorangerTests/LibraryCountTests/testAnUnfiledArrangementIsNeverCountedAsAPiece()	0.0
ScorangerTests/LibraryCountTests/testItCountsTheRowsOnScreenByWhatTheyAre()	0.0
ScorangerTests/LibraryCountTests/testItDoesNotCountArrangementsInsidePieces()	0.0
ScorangerTests/LibraryCountTests/testOneUnfiledIsSingular()	0.0
ScorangerTests/LibraryCountTests/testOnlyPiecesReadsAsPiecesAlone()	0.0
ScorangerTests/LibraryCountTests/testSetlistsAreCountedAsSetLists()	0.0
ScorangerTests/LibraryCountTests/testTheHeaderAlwaysAddsUpToTheRowsOnScreen()	0.0
ScorangerTests/LibraryCountTests/testTheNounIsNeverDropped()	0.0
ScorangerTests/LibraryCountTests/testUnfiledIsTheSameJudgementTheFilterMakes()	0.0
ScorangerTests/LibraryEmptyStateTests/testEachSegmentGetsItsOwnState()	0.0
ScorangerTests/LibraryEmptyStateTests/testTheBooksSegmentNeverMentionsSetLists()	0.0
ScorangerTests/LibraryEmptyStateTests/testTheBooksSegmentTalksAboutBooks()	0.0
ScorangerTests/LibraryEmptyStateTests/testTheOtherTwoAreUnchanged()	0.0
ScorangerTests/LibraryFormatChipTests/testAPdfAndAnImageAreBothNamed()	0.0
ScorangerTests/LibraryFormatChipTests/testAPieceRowLeadsWithWhatItHolds()	0.0
ScorangerTests/LibraryFormatChipTests/testASetListSaysWhatItsRunningOrderHolds()	0.0
ScorangerTests/LibraryFormatChipTests/testAnImageHasNoNotation()	0.0
ScorangerTests/LibraryFormatChipTests/testAnImageIsItsOwnTag()	0.0
ScorangerTests/LibraryFormatChipTests/testAnImageOnlyArrangementIsAScan()	0.0
ScorangerTests/LibraryFormatChipTests/testAnOMRdImageHoldsBoth()	0.0
ScorangerTests/LibraryFormatChipTests/testAnUnfiledArrangementIsTaggedToo()	0.0
ScorangerTests/LibraryFormatChipTests/testPdfAndNotationStillReadAsTheyDid()	0.0
ScorangerTests/LibraryFormatChipTests/testTheKindComesFromTheSuffix()	0.0
ScorangerTests/LibraryFormatChipTests/testTypingTheFormatFindsIt()	0.0
ScorangerTests/LibraryListStateTests/testALoadedLibraryWithNoMatchesSaysSo()	0.0
ScorangerTests/LibraryListStateTests/testALoadedLibraryWithNothingInItIsEmpty()	0.0
ScorangerTests/LibraryListStateTests/testALoadingLibraryIsNeverNoMatches()	0.0
ScorangerTests/LibraryListStateTests/testAPopulatedLibraryCanNeverShowTheEmptyState()	0.0
ScorangerTests/LibraryListStateTests/testAnImportInFlightIsNotAnEmptyLibrary()	0.0
ScorangerTests/LibraryListStateTests/testBeforeTheLibraryLoadsItIsLoadingNotEmpty()	0.0
ScorangerTests/LibraryListStateTests/testRowsAreRowsWhicheverWayTheyArrived()	0.0
ScorangerTests/LibraryModelTests/testAFiledArrangementIsNotListedAsUnfiled()	0.0
ScorangerTests/LibraryModelTests/testAFreshScanIsMarkedAsAnOMRDraft()	0.0
ScorangerTests/LibraryModelTests/testANumberedTitleFilesUnderHash()	0.0
ScorangerTests/LibraryModelTests/testAPieceRowCountsItsArrangements()	0.0
ScorangerTests/LibraryModelTests/testAPieceWithNoComposerSaysNothingWhereTheComposerWouldGo()	0.0
ScorangerTests/LibraryModelTests/testAPieceWithNothingToOpenSaysSo()	0.0
ScorangerTests/LibraryModelTests/testASetlistCountsWhatIsInItInWords()	0.0
ScorangerTests/LibraryModelTests/testASetlistSubtitleIsItsRunningOrderByNumber()	0.0
ScorangerTests/LibraryModelTests/testASingleArrangementIsNotPluralised()	0.0
ScorangerTests/LibraryModelTests/testAVersionLessArrangementStillSaysSo()	0.0
ScorangerTests/LibraryModelTests/testAccentsFileUnderThePlainLetter()	0.0
ScorangerTests/LibraryModelTests/testAnEditedScoreIsNoLongerADraft()	0.0
ScorangerTests/LibraryModelTests/testAnEmptyLibraryGroupsIntoNothing()	0.0
ScorangerTests/LibraryModelTests/testAnEmptySearchChangesNothing()	0.0
ScorangerTests/LibraryModelTests/testEveryModeSaysWhatThePencilDoes()	0.0
ScorangerTests/LibraryModelTests/testGroupingIsAlphabeticalWithHashLast()	0.0
ScorangerTests/LibraryModelTests/testRowsFileUnderTheirFirstLetter()	0.0
ScorangerTests/LibraryModelTests/testSearchFindsAComposer()	0.0
ScorangerTests/LibraryModelTests/testSearchFindsPartOfATitle()	0.0
ScorangerTests/LibraryModelTests/testSearchIgnoresCaseAndAccents()	0.0
ScorangerTests/LibraryModelTests/testSearchingForNothingFindsNothingRatherThanEverything()	0.0
ScorangerTests/LibraryModelTests/testSortingByArrangementCountPutsTheBiggestFirst()	0.0
ScorangerTests/LibraryModelTests/testSortingByComposerPutsTheUncreditedLast()	0.0
ScorangerTests/LibraryModelTests/testSortingByNameIsAlphabetical()	0.0
ScorangerTests/LibraryModelTests/testTheAlphabetRailOnlyExistsUnderNameSort()	0.0
ScorangerTests/LibraryModelTests/testTheLibraryIsTheOnlyPlaceSwitcher()	0.0
ScorangerTests/LibraryModelTests/testTheRailEndsWithHash()	0.0
ScorangerTests/LibraryModelTests/testTheRailKnowsWhichLettersHaveContent()	0.0
ScorangerTests/LibraryModelTests/testTheTwoRowKindsAgreeAboutWhatTheyHold()	0.0
ScorangerTests/LibraryModelTests/testUnfiledArrangementsAreListedAndMarked()	0.0
ScorangerTests/LibrarySyncModelTests/testAnOlderCopyNeverReplacesANewerHeldOne()	0.0
ScorangerTests/LibrarySyncModelTests/testCellularAsksBeforeABookAndNotBeforeAnArrangement()	0.0
ScorangerTests/LibrarySyncModelTests/testHeldRecordsAreOfferedAgainAndANewerCopyReplacesThem()	0.0
ScorangerTests/LibrarySyncModelTests/testMegabytesAreRoundedForAPerson()	0.0
ScorangerTests/LibrarySyncModelTests/testOfflineMovesNothing()	0.0
ScorangerTests/LibrarySyncModelTests/testOnlyNotationIsPacked()	0.0
ScorangerTests/LibrarySyncModelTests/testThePullReachesBackBeforeItsCursor()	0.0
ScorangerTests/LibrarySyncModelTests/testTheStatusLineSaysWhereTheLibraryStands()	0.0
ScorangerTests/LibrarySyncModelTests/testWiFiMovesEverything()	0.0
ScorangerTests/LibraryTagTests/testATagBecomesAChipOnTheRow()	0.0
ScorangerTests/LibraryTagTests/testSearchingATagFindsThePiece()	0.0
ScorangerTests/LibraryTagTests/testThePieceCredicIsUsedWhenTheArrangementHasNone()	0.0
ScorangerTests/LicenceTextTests/testAFileIsTheWholeText()	0.0
ScorangerTests/LicenceTextTests/testAFolderIsEveryFileInItInNameOrder()	0.0
ScorangerTests/LicenceTextTests/testAMissingOrEmptyTextIsAFailureAndNotAnEmptySheet()	0.0
ScorangerTests/LicenceTextTests/testATextThatIsNotUTF8IsReportedByName()	0.0
ScorangerTests/LicenceTextTests/testParagraphsKeepEveryLineBreakInsideThem()	0.0
ScorangerTests/MakeEditableTests/testAStageWithAFractionDrawsABarInsteadOfASpinner()	0.0
ScorangerTests/MakeEditableTests/testBusyWithNoStageStillSaysSomething()	0.0
ScorangerTests/MakeEditableTests/testIdleItOffersTheRunAndTakesATap()	0.0
ScorangerTests/MakeEditableTests/testOneWaitingJobJustWaits()	0.0
ScorangerTests/MakeEditableTests/testRunningItIsInert()	0.0
ScorangerTests/MakeEditableTests/testRunningItSaysWhatItIsDoing()	0.0
ScorangerTests/MakeEditableTests/testWaitingItsTurnTheSwitchIsOnAndSaysWhere()	0.0
ScorangerTests/MarkHitTargetTests/testATapInTheMiddleOfAMarkFindsThatMark()	0.0
ScorangerTests/MarkHitTargetTests/testEveryAddedMarkIsOnThePageWithAFrame()	0.0
ScorangerTests/MarkHitTargetTests/testEveryDrawnMarkIsAddressed()	0.0
ScorangerTests/MarksOnThePage/testPhotographTheMarksAsTheAppDrawsThem()	0.2
ScorangerTests/MarksOnThePage/testPhotographWhatVerovioEngraved()	0.3
ScorangerTests/MetadataMigrationTests/testACorrectedTitleRenamesThePieceItMatched()	0.0
ScorangerTests/MetadataMigrationTests/testAPieceMatchesTheFolderNameTheFilesystemForcedOnIt()	0.0
ScorangerTests/MetadataMigrationTests/testAPieceThatAlreadyHasEverythingProducesNoAction()	0.0
ScorangerTests/MetadataMigrationTests/testAPieceWhoseNameIsAlreadyRightIsNotRenamed()	0.0
ScorangerTests/MetadataMigrationTests/testAccentsAndCaseDoNotDecideTheMatch()	0.0
ScorangerTests/MetadataMigrationTests/testAnEntryWithNoPieceIsReportedNotGuessed()	0.0
ScorangerTests/MetadataMigrationTests/testTheBundledFileParsesAndCarriesTheCorrections()	0.0
ScorangerTests/MetadataMigrationTests/testWhatThePieceAlreadySaysIsLeftAlone()	0.0
ScorangerTests/MixerKnobTests/testAKnobTurnsByFourteenPointsPerUnit()	0.0
ScorangerTests/MixerKnobTests/testAWobbleDoesNotChangeTheLevel()	0.0
ScorangerTests/MixerKnobTests/testItClampsAtBothEnds()	0.0
ScorangerTests/MixerKnobTests/testItIsRelativeToWhereTheFingerWentDown()	0.0
ScorangerTests/MixerKnobTests/testTheGeometryTable()	0.0
ScorangerTests/MixerKnobTests/testTheKnobRowIsAlwaysAtLeastFortyFour()	0.0
ScorangerTests/MixerKnobTests/testTheStripIsNoTallerThanSpecified()	0.0
ScorangerTests/MixerKnobTests/testTheSweepClampsRatherThanOverwinding()	0.0
ScorangerTests/MixerKnobTests/testTheSweepIsTwoHundredAndSeventyDegreesWithTheGapAtTheBottom()	0.0
ScorangerTests/MixerKnobTests/testTheTravelTableHolds()	0.0
ScorangerTests/MixerKnobTests/testTheValueNeverClips()	0.0
ScorangerTests/MixerLayoutTests/testADragLandsOnANotch()	0.0
ScorangerTests/MixerLayoutTests/testADraggedPanelCannotBeLost()	0.0
ScorangerTests/MixerLayoutTests/testADraggedPanelStaysWhollyOnScreen()	0.0
ScorangerTests/MixerLayoutTests/testAMutedStripDimsRatherThanGoingDark()	0.0
ScorangerTests/MixerLayoutTests/testAPanelLargerThanItsCanvasKeepsItsLeadingEdge()	0.0
ScorangerTests/MixerLayoutTests/testAWideRackKeepsItsWidthWhileThePickerIsOpen()	0.0
ScorangerTests/MixerLayoutTests/testBeyondSixStripsTheRackScrollsInsteadOfGrowing()	0.0
ScorangerTests/MixerLayoutTests/testTheDefaultParkSitsAboveTheOccupiedLanes()	0.0
ScorangerTests/MixerLayoutTests/testTheFaderFillsFromTheBottom()	0.0
ScorangerTests/MixerLayoutTests/testTheGripCyclesFourCornersAndComesBack()	0.0
ScorangerTests/MixerLayoutTests/testTheOpenPickerIsTallerAndWiderThanTheClosedPanel()	0.0
ScorangerTests/MixerLayoutTests/testTheOtherCornersGoWhereTheySay()	0.0
ScorangerTests/MixerLayoutTests/testThePanelIsAsTallAsTheLayoutSays()	0.0
ScorangerTests/MixerLayoutTests/testThePanelIsAsWideAsItsStrips()	0.0
ScorangerTests/MixerLayoutTests/testThePanelIsHalfTheHeightItWas()	0.0
ScorangerTests/MixerLayoutTests/testThePanelIsOneSoundRowTallerThanTheHalvedOne()	0.0
ScorangerTests/MixerLayoutTests/testThePickerPanelIsAsTallAsItsParts()	0.0
ScorangerTests/MixerLayoutTests/testThePickerShowsSevenRowsAtATime()	0.0
ScorangerTests/MixerLayoutTests/testTheSoundRowCostTheFaderNothing()	0.0
ScorangerTests/MixerLayoutTests/testTheStripsKeptTheirWidth()	0.0
ScorangerTests/MixerLayoutTests/testTheTickMarksTheDefault()	0.0
ScorangerTests/MixerLayoutTests/testTheTwoColumnsFitThePicker()	0.0
ScorangerTests/MixerScrubChipTests/testPastTheEndThereIsNoBarToName()	0.0
ScorangerTests/MixerScrubChipTests/testTheChipNamesTheBarUnderTheHandle()	0.0
ScorangerTests/MixerScrubChipTests/testTheHandleTracksThePerformanceNotTheEngraving()	0.0
ScorangerTests/MixerStripLabelTests/testAGrandStaffIsToldApartByItsClefs()	0.0
ScorangerTests/MixerStripLabelTests/testAMissingClefFallsBackRatherThanLabellingHalfOfThem()	0.0
ScorangerTests/MixerStripLabelTests/testDistinctNamesAreLeftAlone()	0.0
ScorangerTests/MixerStripLabelTests/testTheLabelForAChannelIsFoundByIndexNotPosition()	0.0
ScorangerTests/MixerStripLabelTests/testTheOrdinalIsTheFallbackWhenClefsCannotTellThemApart()	0.0
ScorangerTests/MixerStripLabelTests/testTheRawNameIsNeverRewritten()	0.0
ScorangerTests/MixerStripLabelTests/testThreeStavesOfOneNameStillEachGetOne()	0.0
ScorangerTests/MixerWindowLayoutTests/testAParkedCornerRespectsTheLanesAndAFreeOneDoesNot()	0.0
ScorangerTests/MixerWindowLayoutTests/testATwoStaffPanelIsAtLeastTheHeaderFloor()	0.0
ScorangerTests/MixerWindowLayoutTests/testAUnitPointRoundTripsThroughTheFreeRect()	0.0
ScorangerTests/MixerWindowLayoutTests/testAnAccessibilitySizeIsAListAtAnyWidth()	0.0
ScorangerTests/MixerWindowLayoutTests/testAnIPadWidensFurtherBeforeItCaps()	0.0
ScorangerTests/MixerWindowLayoutTests/testClampKeepsThePanelWhole()	0.0
ScorangerTests/MixerWindowLayoutTests/testItIsAWindowAtEveryContainerSize()	0.0
ScorangerTests/MixerWindowLayoutTests/testItOpensCollapsedWhenItWouldSwallowTheCanvas()	0.0
ScorangerTests/MixerWindowLayoutTests/testPlacementSurvivesRotation()	0.0
ScorangerTests/MixerWindowLayoutTests/testRowsFitTheirText()	0.0
ScorangerTests/MixerWindowLayoutTests/testTheFloorDoesNotCapAWideRack()	0.0
ScorangerTests/MixerWindowLayoutTests/testTheFreeRectExcludesTheSafeAreaAndEightPoints()	0.0
ScorangerTests/MixerWindowLayoutTests/testTheHeaderKeepsItsTouchTarget()	0.0
ScorangerTests/MixerWindowLayoutTests/testTheHeaderKeepsItsWordsForWhenThereIsRoom()	0.0
ScorangerTests/MixerWindowLayoutTests/testThePanelNeverExceedsTheFreeWidth()	0.0
ScorangerTests/MixerWindowLayoutTests/testTheRackNarrowsByWhatFitsRatherThanByDevice()	0.0
ScorangerTests/MixerWindowLayoutTests/testTheShippedFixedHeightsCouldNotHoldTheirText()	0.0
ScorangerTests/MixerWindowLayoutTests/testTheStripWidthIsMeasuredFromTheTextSize()	0.0
ScorangerTests/MixerWindowLayoutTests/testTheStripWidthScalesWithinBounds()	0.0
ScorangerTests/MixerWindowLayoutTests/testTheTierComesFromTheContainerAndTheTextSize()	0.0
ScorangerTests/MixerWindowLayoutTests/testTheWidthTableFromTheRuling()	0.0
ScorangerTests/MixerWindowLayoutTests/testTwoChannelsIsTheFloorAndTheFloorIsItsFourControls()	0.0
ScorangerTests/MoveDestinationTests/testARefusedLandingBecomesTheChoicesTheBarDoesHave()	0.0
ScorangerTests/MoveDestinationTests/testAnEmptyBarNamesAnEmptyList()	0.0
ScorangerTests/MoveDestinationTests/testAnOverlongOffsetLearnsTheBarLength()	0.0
ScorangerTests/MoveDestinationTests/testAnUnknownBarLengthDoesNotStopTheStepper()	0.0
ScorangerTests/MoveDestinationTests/testAnyOtherBracketedListIsNotMistakenForOnsets()	0.0
ScorangerTests/MoveDestinationTests/testDuplicateSaysDuplicate()	0.0
ScorangerTests/MoveDestinationTests/testItCannotStepBeforeTheBarline()	0.0
ScorangerTests/MoveDestinationTests/testItCannotStepPastTheEndOfAKnownBar()	0.0
ScorangerTests/MoveDestinationTests/testNothingCanBeSentUntilABarIsTapped()	0.0
ScorangerTests/MoveDestinationTests/testQuartersReadTheWayAPlayerWritesThem()	0.0
ScorangerTests/MoveDestinationTests/testSteppingClearsTheRefusalAndKeepsTheFacts()	0.0
ScorangerTests/MoveDestinationTests/testSteppingWalksTheBar()	0.0
ScorangerTests/MoveDestinationTests/testTappingABarAimsAtItsDownbeat()	0.0
ScorangerTests/MoveDestinationTests/testTappingAnotherBarForgetsTheLastOne()	0.0
ScorangerTests/MoveDestinationTests/testTheBarLengthIsReadOutOfTheOtherRefusal()	0.0
ScorangerTests/MoveDestinationTests/testTheOnsetsAreReadOutOfTheRefusal()	0.0
ScorangerTests/MoveDestinationTests/testTheStepIsAnEighthNote()	0.0
ScorangerTests/OMRConvertingProgressTests/testAPageOutsideTheScoreIsClampedIntoIt()	0.0
ScorangerTests/OMRConvertingProgressTests/testItOnlyEverMovesForward()	0.0
ScorangerTests/OMRConvertingProgressTests/testNoPageCountIsASpinner()	0.0
ScorangerTests/OMRConvertingProgressTests/testNoPageOfAnyScoreEverFillsTheBar()	0.0
ScorangerTests/OMRConvertingProgressTests/testTheBarCountsThePagesBEHINDTheOneBeingRead()	0.0
ScorangerTests/OMRConvertingProgressTests/testTheLastPageIsNotAFullBar()	0.0
ScorangerTests/OMRConvertingProgressTests/testTheWordsNameThePageBeingRead()	0.0
ScorangerTests/OMRQueueTests/testARunningScoreReportsItsStageAndBar()	0.0
ScorangerTests/OMRQueueTests/testATranscriptionThatIsBecomingAnArrangementClaimsNoScore()	0.0
ScorangerTests/OMRQueueTests/testAWaitingScoreIsToldWhereInTheQueueItIs()	0.0
ScorangerTests/OMRQueueTests/testAnEmptyQueueStartsNothing()	0.0
ScorangerTests/OMRQueueTests/testAnotherArrangementsJobIsNotThisArrangementsBusiness()	0.0
ScorangerTests/OMRQueueTests/testNoScoreNoStatus()	0.0
ScorangerTests/OMRQueueTests/testNothingStartsWhileTheSlotIsTaken()	0.0
ScorangerTests/OMRQueueTests/testOneRunsAtATime()	0.0
ScorangerTests/OMRQueueTests/testTheChipAndTheSwitchCannotDisagreeOnAnyScore()	0.0
ScorangerTests/OMRQueueTests/testTheNextOneStartsWhenTheRunningOneIsGone()	0.0
ScorangerTests/OMRQueueTests/testTheOldestWaitingJobGoesNext()	0.0
ScorangerTests/OMRQueueTests/testTheOrdinalsRead()	0.0
ScorangerTests/OMRQueueTests/testThePositionCountsOnlyWhatIsWaiting()	0.0
ScorangerTests/OMRQueueTests/testTheSummaryCountsBothKinds()	0.0
ScorangerTests/OMRQueueTests/testWaitingHasNoBar()	0.0
ScorangerTests/OperationReportTests/testALongReasonIsTrimmedRatherThanFillingTheScreen()	0.0
ScorangerTests/OperationReportTests/testAMultiLineTracebackBecomesOneLine()	0.0
ScorangerTests/OperationReportTests/testAShortReasonIsNotTrimmed()	0.0
ScorangerTests/OperationReportTests/testAnEmptyReasonStillSaysSomething()	0.0
ScorangerTests/OperationReportTests/testEngineErrorSpeaksTheEnginesOwnRefusal()	0.0
ScorangerTests/OperationReportTests/testEngineFailureBecomesTheSentenceAReaderSees()	0.0
ScorangerTests/OperationReportTests/testFailureNamesTheActionThenTheReason()	0.0
ScorangerTests/OperationReportTests/testOtherErrorsFallBackToTheirDescription()	0.0
ScorangerTests/OperationReportTests/testTheSentenceEndsInExactlyOneStop()	0.0
ScorangerTests/PDFPreflightTests/testAPDFItCannotReadIsPassedThroughRatherThanDropped()	0.0
ScorangerTests/PDFPreflightTests/testAScanIsLeftAlone()	0.1
ScorangerTests/PDFPreflightTests/testEveryPageSurvivesTheRender()	0.1
ScorangerTests/PDFPreflightTests/testFailureAdviceNamesTheCauseAndAWayForward()	0.0
ScorangerTests/PDFPreflightTests/testOversizedPagesAreNormalizedToLetterAt300DPI()	0.0
ScorangerTests/PDFPreflightTests/testRenderedPageCarriesInkAtScannerResolution()	0.1
ScorangerTests/PDFPreflightTests/testTimeoutAdviceIsDifferent()	0.0
ScorangerTests/PDFPreflightTests/testVectorNotationAtNormalSizeIsRasterized()	0.0
ScorangerTests/PageFollowTests/testAnotherScoreStartsFollowingAgain()	0.0
ScorangerTests/PageFollowTests/testEitherPageOfASpreadCounts()	0.0
ScorangerTests/PageFollowTests/testFollowingIsOnUntilTheReaderTurnsAPage()	0.0
ScorangerTests/PageFollowTests/testFollowingNeverResumesOnItsOwn()	0.0
ScorangerTests/PageFollowTests/testItDoesNotBlinkDuringAnAutomaticPageTurn()	0.0
ScorangerTests/PageFollowTests/testItIsGoneWhenNothingIsPlaying()	0.0
ScorangerTests/PageFollowTests/testNoGeometryOffersNothing()	0.0
ScorangerTests/PageFollowTests/testPerformanceModeHasNoChip()	0.0
ScorangerTests/PageFollowTests/testTheChipAppearsOnlyWhenTheReaderHasDriftedAway()	0.0
ScorangerTests/PageFollowTests/testTheChipNamesTheBarItWillTakeYouTo()	0.0
ScorangerTests/PageRasteriserTests/testAMalformedPageIsReportedAsUnconvertibleAndNotAsEmpty()	0.0
ScorangerTests/PageRasteriserTests/testASinglePageScoreIsRasterisedTheSameWay()	0.4
ScorangerTests/PageRasteriserTests/testAnEmptyPageIsReportedAsEmptyAndNotAsUnconvertible()	0.0
ScorangerTests/PageRasteriserTests/testAnUnconvertiblePageIsNamedAndTheRestOfTheScoreStillDraws()	0.2
ScorangerTests/PageRasteriserTests/testConcurrentRasterisationDrawsTheSamePagesAsSerial()	3.0
ScorangerTests/PageRasteriserTests/testConcurrentRasterisationIsStableAcrossRepeatedRuns()	10.0
ScorangerTests/PageRasteriserTests/testNoPagesIsNoResultsAndNotACrash()	0.0
ScorangerTests/PageRasteriserTests/testPageNumbersStartWhereTheCallerSaysTheyDo()	0.2
ScorangerTests/PageRasteriserTests/testPagesComeBackNumberedInOrderAndCarryingTheirOwnDrawing()	3.0
ScorangerTests/PageRasteriserTests/testRasterisingSeveralScoresAtOnceKeepsEachOneWhole()	4.0
ScorangerTests/PageScrubberLayoutTests/testAFingerOnATickAsksForThatPage()	0.0
ScorangerTests/PageScrubberLayoutTests/testItFitsTheChromeBudget()	0.0
ScorangerTests/PageScrubberLayoutTests/testItSurvivesADocumentItKnowsNothingAbout()	0.0
ScorangerTests/PageScrubberLayoutTests/testTheEndsOfTheRowAreNotDead()	0.0
ScorangerTests/PageScrubberLayoutTests/testTheLabelCountsFromOneAndStaysInsideTheDocument()	0.0
ScorangerTests/PageScrubberLayoutTests/testTicksGiveUpWhenTheyWouldOverlap()	0.0
ScorangerTests/PageThumbnailsTests/testAPageThatWillNotDrawSaysSo()	0.0
ScorangerTests/PageThumbnailsTests/testAbandoningARequestIsNotAFailure()	0.0
ScorangerTests/PageThumbnailsTests/testBytesAreFourToThePixelAndNeverNegative()	0.0
ScorangerTests/PageThumbnailsTests/testTheBudgetHoldsAWholeBigBooksStrip()	0.0
ScorangerTests/PageThumbnailsTests/testTheBudgetHoldsAWorkingSetOfReadingPagesAndNotTwoHundred()	0.0
ScorangerTests/PageTurnTests/testAFingerTapAtTheEdgeTurnsEvenInEditMode()	0.0
ScorangerTests/PageTurnTests/testAFingerTapTurnsInEveryMode()	0.0
ScorangerTests/PageTurnTests/testALongPressIsNotATap()	0.0
ScorangerTests/PageTurnTests/testAPencilTapInPerformanceTurns()	0.0
ScorangerTests/PageTurnTests/testAPencilTapInReadModeTurnsNothing()	0.0
ScorangerTests/PageTurnTests/testASlowPanNeverTurnsThePage()	0.0
ScorangerTests/PageTurnTests/testAStillQuickTouchIsATap()	0.0
ScorangerTests/PageTurnTests/testAZerroWidthCanvasTurnsNothing()	0.0
ScorangerTests/PageTurnTests/testTheLeadingEdgeGoesBack()	0.0
ScorangerTests/PageTurnTests/testTheMiddleOfTheScoreTurnsNothing()	0.0
ScorangerTests/PageTurnTests/testThePencilStillInksInEditMode()	0.0
ScorangerTests/PageTurnTests/testThePencilStillLassosInReadMode()	0.0
ScorangerTests/PageTurnTests/testThePencilTurnsOnlyInPerformanceMode()	0.0
ScorangerTests/PageTurnTests/testTheSlideReversesForABackTurn()	0.0
ScorangerTests/PageTurnTests/testTheTrailingEdgeGoesForward()	0.0
ScorangerTests/PageTurnTests/testTheZonesAreAThumbsReachAndNoMore()	0.0
ScorangerTests/PagedCanvasTests/testAClampedIndexAlwaysRendersPages()	0.0
ScorangerTests/PagedCanvasTests/testALandscapeSpreadIsBoundByHeightNotWidth()	0.0
ScorangerTests/PagedCanvasTests/testAPageThatIsGoneFallsBackToTheLast()	0.0
ScorangerTests/PagedCanvasTests/testAPageThatStillExistsIsKept()	0.0
ScorangerTests/PagedCanvasTests/testAScoreWithNoPagesAsksForTheFirst()	0.0
ScorangerTests/PagedCanvasTests/testASpreadIsAlignedSoAPageBelongsToOneUnit()	0.0
ScorangerTests/PagedCanvasTests/testASpreadShowsAPair()	0.0
ScorangerTests/PagedCanvasTests/testASpreadSplitsTheWidthAndPaysForTheGutter()	0.0
ScorangerTests/PagedCanvasTests/testASwipeDoesNotTurnWhileThereIsStillPageToPan()	0.0
ScorangerTests/PagedCanvasTests/testASwipeTurnsWhenThereIsNothingToPan()	0.0
ScorangerTests/PagedCanvasTests/testATallPageOnAWideScreenIsHeightBound()	0.0
ScorangerTests/PagedCanvasTests/testATurnInASpreadMovesTwo()	0.0
ScorangerTests/PagedCanvasTests/testATurnMovesOnePage()	0.0
ScorangerTests/PagedCanvasTests/testAWidePageOnATallScreenIsWidthBound()	0.0
ScorangerTests/PagedCanvasTests/testAnEmptyDocumentShowsNothing()	0.0
ScorangerTests/PagedCanvasTests/testAnImpossibleZoomIsStillClampedAfterATurn()	0.0
ScorangerTests/PagedCanvasTests/testAnIndexOutsideTheDocumentShowsNothing()	0.0
ScorangerTests/PagedCanvasTests/testAnUnmeasuredViewportAsksForNothing()	0.0
ScorangerTests/PagedCanvasTests/testAtFitThereIsNothingToPan()	0.0
ScorangerTests/PagedCanvasTests/testAtTheEdgeASwipeMayTurn()	0.0
ScorangerTests/PagedCanvasTests/testOnePageAtATimeWithTheSpreadOff()	0.0
ScorangerTests/PagedCanvasTests/testPanResetsToTheTopLeftOfTheNewPage()	0.0
ScorangerTests/PagedCanvasTests/testRapidTurnsCoalesceToTheLatest()	0.0
ScorangerTests/PagedCanvasTests/testTappingAThumbLandsOnItsUnit()	0.0
ScorangerTests/PagedCanvasTests/testTheChromeThisSuiteMeasuresIsTheChromeTheViewReserves()	0.0
ScorangerTests/PagedCanvasTests/testTheEndsDoNotTurn()	0.0
ScorangerTests/PagedCanvasTests/testTheFittedUnitClearsTheFloatingChrome()	0.0
ScorangerTests/PagedCanvasTests/testTheFittedUnitFillsWhicheverDimensionBinds()	0.0
ScorangerTests/PagedCanvasTests/testTheFittedUnitIsInsideTheViewportInBothDimensions()	0.0
ScorangerTests/PagedCanvasTests/testTheLastPageOfAnOddScoreSitsAlone()	0.0
ScorangerTests/PagedCanvasTests/testTheRealDeviceCanvasesFitASpread()	0.0
ScorangerTests/PagedCanvasTests/testWithoutChromeTheFitIsWhatItWas()	0.0
ScorangerTests/PagedCanvasTests/testYouCanStillZoomAllTheWayIn()	0.0
ScorangerTests/PagedCanvasTests/testYouCannotZoomOutPastFit()	0.0
ScorangerTests/PagedCanvasTests/testZoomSurvivesATurn()	0.0
ScorangerTests/PerfAttributionReportTests/testAWaitNothingExplainsSaysSo()	0.0
ScorangerTests/PerfAttributionReportTests/testAnUnmeasuredNameSaysSoRatherThanReportingZero()	0.0
ScorangerTests/PerfAttributionReportTests/testTheSpanItselfIsNotListedAsItsOwnCause()	0.0
ScorangerTests/PerfAttributionReportTests/testWorkInsideTheWaitIsNamedAndTheRemainderIsLeftOver()	0.0
ScorangerTests/PerfLedgerTests/testASingleSampleIsItsOwnEveryStatistic()	0.0
ScorangerTests/PerfLedgerTests/testAWindowWithNoRecordedWorkAccountsForNothing()	0.0
ScorangerTests/PerfLedgerTests/testAnEmptyLedgerSummarisesToNothing()	0.0
ScorangerTests/PerfLedgerTests/testDurationsReadInMilliseconds()	0.0
ScorangerTests/PerfLedgerTests/testMedianOfAnEvenCountTakesTheMiddlePair()	0.0
ScorangerTests/PerfLedgerTests/testSamplesGroupByName()	0.0
ScorangerTests/PerfLedgerTests/testSummariesAreOrderedByWhereTheTimeWent()	0.0
ScorangerTests/PerfLedgerTests/testSummaryReportsTheSpreadAndNotOnlyTheMean()	0.0
ScorangerTests/PerfLedgerTests/testTheLedgerIsBoundedSoALongSessionCannotGrowForever()	0.0
ScorangerTests/PerfLedgerTests/testTheOLDESTSamplesAreTheOnesDropped()	0.0
ScorangerTests/PerfLedgerTests/testUnaccountedTimeIsTheAnswerWhenNothingWasMeasured()	0.0
ScorangerTests/PerfLedgerTests/testUnaccountedTimeNeverGoesNegativeWhenWorkOverlapsItself()	0.0
ScorangerTests/PerfLedgerTests/testWorkInsideTheWindowIsAttributedToIt()	0.0
ScorangerTests/PerfLedgerTests/testWorkOverLAPPINGTheWindowCountsOnlyTheOverlap()	0.0
ScorangerTests/PerfMetricsGateTests/testASpanIsNotEvenALLOCATEDWhenOff()	0.0
ScorangerTests/PerfMetricsGateTests/testMeasureStillRunsTheWorkWhenOff()	0.0
ScorangerTests/PerfMetricsGateTests/testOffIsTheDefaultAndRecordsNothing()	0.0
ScorangerTests/PerfMetricsGateTests/testSwitchingOnClearsWhatWasThere()	0.0
ScorangerTests/PerfMetricsGateTests/testSwitchingOnRecordsAndSwitchingOffStops()	0.0
ScorangerTests/PerfReportTests/testALongNameIsTruncatedRatherThanBreakingTheColumns()	0.0
ScorangerTests/PerfReportTests/testAnEmptyLedgerSaysSoRatherThanShowingAnEmptyTable()	0.0
ScorangerTests/PerfReportTests/testEveryRowCarriesItsSampleCountAndUnits()	0.0
ScorangerTests/PerfReportTests/testTheBuildStampLeadsSoAQuotedNumberNamesItsBuild()	0.0
ScorangerTests/PerfReportTests/testTheDearestRowComesFirst()	0.0
ScorangerTests/PhotographedPagesTests/testEachPageKeepsItsOwnProportions()	0.0
ScorangerTests/PhotographedPagesTests/testOneBadPageDoesNotLoseTheRest()	0.0
ScorangerTests/PhotographedPagesTests/testOnePhotographIsStillAPicture()	0.0
ScorangerTests/PhotographedPagesTests/testSeveralPhotosBecomeOneDocumentOfThatManyPages()	0.0
ScorangerTests/PhotographedPagesTests/testUnreadablePicturesProduceNothing()	0.0
ScorangerTests/PipelineTests/testEveryCreditNamesAProjectALicenceAndAJob()	0.0
ScorangerTests/PipelineTests/testEveryPassageIsTitledAndSaysSomething()	0.0
ScorangerTests/PipelineTests/testEveryPythonPackagePointsAtTheLicenceTextThatShipsWithIt()	0.0
ScorangerTests/PipelineTests/testEveryStageButTheFirstSaysWhatArrivesAtIt()	0.0
ScorangerTests/PipelineTests/testEveryStageSaysWhatItIsAndWhereItRuns()	0.0
ScorangerTests/PipelineTests/testEverythingShippedPointsAtALicenceTextAndNothingElseDoes()	0.0
ScorangerTests/PipelineTests/testExactlyTwoStepsNeedANetwork()	0.0
ScorangerTests/PipelineTests/testLicencesAreIdentifiersAndNotProse()	0.0
ScorangerTests/PipelineTests/testNothingIsCreditedThatTheAppDoesNotShip()	0.0
ScorangerTests/PipelineTests/testTheAgentIsABranchAndNotAStep()	0.0
ScorangerTests/PipelineTests/testTheEngineIsNamedAsTheOnlyThingThatChangesNotation()	0.0
ScorangerTests/PipelineTests/testTheLicencesOfWhatTheAppCannotRunWithout()	0.0
ScorangerTests/PipelineTests/testTheOfflineAnswerIsGivenInFull()	0.0
ScorangerTests/PipelineTests/testThePythonPackagesInTheBundleAreCredited()	0.0
ScorangerTests/PipelineTests/testTheSectionMakesTheFiveClaimsItIsFor()	0.0
ScorangerTests/PipelineTests/testTheSoundBankIsCreditedUnderItsOwnLicence()	0.0
ScorangerTests/PipelineTests/testTheTypefacesAreCredited()	0.0
ScorangerTests/PlaybackActivityTests/testAStaffIsSoundingInsideItsInterval()	0.0
ScorangerTests/PlaybackActivityTests/testATacetStaffNeverLights()	0.0
ScorangerTests/PlaybackActivityTests/testATimelineWithoutTheFieldStillDecodes()	0.0
ScorangerTests/PlaybackActivityTests/testBeforeTheMusicNothingSounds()	0.0
ScorangerTests/PlaybackActivityTests/testItDecodesTheEnginesOwnShape()	0.0
ScorangerTests/PlaybackActivityTests/testItFindsTheRightIntervalInALongPart()	0.0
ScorangerTests/PlaybackActivityTests/testItIsDarkInTheRests()	0.0
ScorangerTests/PlaybackActivityTests/testTheEndOfAnIntervalBelongsToTheSilence()	0.0
ScorangerTests/PlaybackAudioTests/testAFaderMovedDuringPlaybackTakesEffectImmediately()	0.2
ScorangerTests/PlaybackAudioTests/testAFaderTouchesOneChannelOnly()	0.1
ScorangerTests/PlaybackAudioTests/testAMutedChannelDoesNotStopTheClock()	0.1
ScorangerTests/PlaybackAudioTests/testEveryVoiceMutedLeavesTheClickAndNothingElse()	0.2
ScorangerTests/PlaybackAudioTests/testEverythingOffIsSilence()	0.1
ScorangerTests/PlaybackAudioTests/testTheFaderChangesWhatIsRendered()	0.2
ScorangerTests/PlaybackAudioTests/testTheRenderedLevelFollowsTheCurveAtEveryNotch()	0.3
ScorangerTests/PlaybackAudioTests/testVoicesOnMakeASound()	0.1
ScorangerTests/PlaybackAvailabilityTests/testAScanIsAScanWhicheverEngineIsRunning()	0.0
ScorangerTests/PlaybackAvailabilityTests/testAScanOffersTheThingThatWouldFixIt()	0.0
ScorangerTests/PlaybackAvailabilityTests/testAfterTranscriptionTheTransportPlaysWithoutBeingReopened()	0.0
ScorangerTests/PlaybackAvailabilityTests/testEachStateIsIdentifiable()	0.0
ScorangerTests/PlaybackAvailabilityTests/testNoActionableReasonIsLeftWithoutAButton()	0.0
ScorangerTests/PlaybackAvailabilityTests/testNotationOnTheRemoteEngineIsADifferentProblem()	0.0
ScorangerTests/PlaybackAvailabilityTests/testTheDraftIsAdmittedBeforeTheWaitAndDuringIt()	0.0
ScorangerTests/PlaybackAvailabilityTests/testTheOfferIsWithdrawnWhileItRuns()	0.0
ScorangerTests/PlaybackAvailabilityTests/testTheRemoteEngineAlsoPointsSomewhere()	0.0
ScorangerTests/PlaybackAvailabilityTests/testThereIsNothingToPressWhileItIsRunning()	0.0
ScorangerTests/PlaybackAvailabilityTests/testWhenItCanPlayTheTransportSaysNothingAtAll()	0.0
ScorangerTests/PlaybackBankTests/testTheBankResolvesFromTheBundleThatShipsIt()	0.1
ScorangerTests/PlaybackBankTests/testTheSoundBankIsCarriedByTheAppAndNotBorrowedFromTheHost()	0.0
ScorangerTests/PlaybackChannelIsolationTests/testEverythingDownButVoiceOneLeavesOnlyVoiceOne()	0.1
ScorangerTests/PlaybackChannelIsolationTests/testOneStripUpSoundsThatPartAndNoOther()	0.2
ScorangerTests/PlaybackChannelIsolationTests/testTheEnginesOwnFileRoutesTheSameWay()	0.2
ScorangerTests/PlaybackChannelIsolationTests/testTheSequencerHasOneTrackPerPartAndTheClick()	0.1
ScorangerTests/PlaybackCrashHuntTests/testInstrumentsAreChangedUnderTheRunningPerformance()	0.2
ScorangerTests/PlaybackCrashHuntTests/testTheFixtureIsTheRealArrangement()	0.0
ScorangerTests/PlaybackCrashHuntTests/testTheMixerIsWorkedThroughoutThePerformance()	0.3
ScorangerTests/PlaybackCrashHuntTests/testTheNamesOnlyChannelAnswersEveryQuestionAtEveryBeat()	0.0
ScorangerTests/PlaybackCrashHuntTests/testTheTimelineSurvivesBeatsThatShouldNotHappen()	0.0
ScorangerTests/PlaybackCrashHuntTests/testTheWholePerformanceRendersWithoutFallingOver()	2.0
ScorangerTests/PlaybackFollowTests/testABarAgainstTheTrailingEdgeMovesBeforeItLeaves()	0.0
ScorangerTests/PlaybackFollowTests/testABarComfortablyOnScreenDoesNotScrollAtAll()	0.0
ScorangerTests/PlaybackFollowTests/testABarsFrameScalesWithTheStrip()	0.0
ScorangerTests/PlaybackFollowTests/testAPageAlreadyOnScreenIsNotTurnedTo()	0.0
ScorangerTests/PlaybackFollowTests/testAPageElsewhereTurnsToItsUnit()	0.0
ScorangerTests/PlaybackFollowTests/testARepeatScrollsBackwards()	0.0
ScorangerTests/PlaybackFollowTests/testASeekAlwaysMoves()	0.0
ScorangerTests/PlaybackFollowTests/testAStripShorterThanTheViewportStaysAtZero()	0.0
ScorangerTests/PlaybackFollowTests/testAnUnmeasuredViewportAsksForNothing()	0.0
ScorangerTests/PlaybackFollowTests/testTheEndOfTheScoreCannotBeScrolledPast()	0.0
ScorangerTests/PlaybackFollowTests/testTheHeadOfTheScoreIsNotScrolledPastBackwards()	0.0
ScorangerTests/PlaybackGainTests/testAFaderOffTheScaleIsClamped()	0.0
ScorangerTests/PlaybackGainTests/testTheDefaultLeavesHeadroomAbove()	0.0
ScorangerTests/PlaybackGainTests/testTheExponentIsNamedSoTheJudgementCanBeChanged()	0.0
ScorangerTests/PlaybackGainTests/testTheFaderIsSquaredAndNotLinear()	0.0
ScorangerTests/PlaybackGainTests/testTheNotchesInDecibels()	0.0
ScorangerTests/PlaybackGainTests/testZeroIsHardSilence()	0.0
ScorangerTests/PlaybackInstrumentGraphTests/testAChannelTheGraphDoesNotHaveIsRefused()	0.1
ScorangerTests/PlaybackInstrumentGraphTests/testAGraphLoadsTheChoicesItIsGiven()	0.4
ScorangerTests/PlaybackInstrumentGraphTests/testARepairedChannelStopsBeingReportedAsAFailure()	0.1
ScorangerTests/PlaybackInstrumentGraphTests/testChangingAnInstrumentMidPerformanceDoesNotRestartTheTransport()	0.3
ScorangerTests/PlaybackInstrumentGraphTests/testEveryDrumKitActuallyMakesASound()	0.3
ScorangerTests/PlaybackInstrumentGraphTests/testEveryDrumKitInTheCatalogueLoads()	0.2
ScorangerTests/PlaybackInstrumentGraphTests/testEveryMelodicProgramActuallyMakesASound()	1.0
ScorangerTests/PlaybackInstrumentGraphTests/testEveryMelodicProgramInTheCatalogueLoads()	0.4
ScorangerTests/PlaybackInstrumentGraphTests/testTheMeasurementCanTellSilenceFromSound()	0.1
ScorangerTests/PlaybackInstrumentIsolationTests/testChangingOneStripsInstrumentChangesOnlyThatPart()	1.0
ScorangerTests/PlaybackInstrumentIsolationTests/testTheWholeMixerPassKeepsTheMapping()	0.3
ScorangerTests/PlaybackInstrumentsTests/testAChoiceBeatsBothTheProgramAndTheName()	0.0
ScorangerTests/PlaybackInstrumentsTests/testAChoiceIsDroppedWhenAnotherStaffTakesOverItsIndex()	0.0
ScorangerTests/PlaybackInstrumentsTests/testAChoiceSurvivesClosingAndReopeningTheScore()	0.0
ScorangerTests/PlaybackInstrumentsTests/testACorruptFileReadsAsNothingChosenRatherThanThrowing()	0.0
ScorangerTests/PlaybackInstrumentsTests/testAFileSavedBeforeBanksExistedStillDecodes()	0.0
ScorangerTests/PlaybackInstrumentsTests/testAKitCarriesItsBankThroughTheChoice()	0.0
ScorangerTests/PlaybackInstrumentsTests/testAKitSurvivesTheRoundTripWithItsBank()	0.0
ScorangerTests/PlaybackInstrumentsTests/testANameThatSaysNothingFallsBackToThePlainPiano()	0.0
ScorangerTests/PlaybackInstrumentsTests/testAProgramOutsideGeneralMIDIIsIgnoredAndTheNameIsReadInstead()	0.0
ScorangerTests/PlaybackInstrumentsTests/testASlugWithASeparatorInItStaysInsideItsOwnFolder()	0.0
ScorangerTests/PlaybackInstrumentsTests/testAStaffWithNoProgramIsReadFromItsName()	0.0
ScorangerTests/PlaybackInstrumentsTests/testAnArrangementWithNothingSavedReadsBackEmpty()	0.0
ScorangerTests/PlaybackInstrumentsTests/testChoicesFollowARenamedArrangement()	0.0
ScorangerTests/PlaybackInstrumentsTests/testClearingAChoiceGoesBackToTheGuessAndNotToAStoredCopyOfIt()	0.0
ScorangerTests/PlaybackInstrumentsTests/testClearingEverythingEmptiesIt()	0.0
ScorangerTests/PlaybackInstrumentsTests/testClearingEverythingLeavesNoFileBehind()	0.0
ScorangerTests/PlaybackInstrumentsTests/testDeletingAnArrangementTakesItsChoicesWithIt()	0.0
ScorangerTests/PlaybackInstrumentsTests/testEveryVoiceCanBeSetToOneSoundAtOnce()	0.0
ScorangerTests/PlaybackInstrumentsTests/testTheEnginesProgramIsUsedWhereTheNotationHadOne()	0.0
ScorangerTests/PlaybackInstrumentsTests/testTheNamedInstrumentIsPreferredToTheStaffLabel()	0.0
ScorangerTests/PlaybackSoundTests/testAPartWithNoInstrumentFallsBackRatherThanFailing()	0.0
ScorangerTests/PlaybackSoundTests/testAPartsOwnProgramIsUsed()	0.0
ScorangerTests/PlaybackSoundTests/testAProgramOutsideGeneralMIDIIsNotTrusted()	0.0
ScorangerTests/PlaybackSoundTests/testATimelineWithNoLengthNeverStopsAnything()	0.0
ScorangerTests/PlaybackSoundTests/testTheClickComesFromThePercussionBank()	0.0
ScorangerTests/PlaybackSoundTests/testTheDownbeatIsADifferentSoundAndNotJustALouderOne()	0.0
ScorangerTests/PlaybackSoundTests/testThePerformanceEndsWhereTheTimelineSaysItDoes()	0.0
ScorangerTests/PlaybackSoundTests/testWithLoopOffTheEndStops()	0.0
ScorangerTests/PlaybackSoundTests/testWithLoopOnTheEndGoesRoundAgain()	0.0
ScorangerTests/PlaybackTempoTests/testADragLandsOnAWholeBeatPerMinute()	0.0
ScorangerTests/PlaybackTempoTests/testAScoreWithNoTempoIsRatedAgainstTheDefault()	0.0
ScorangerTests/PlaybackTempoTests/testATempoTheReaderSetIsNeverCalledADefault()	0.0
ScorangerTests/PlaybackTempoTests/testAnUnchosenTempoStillSaysSo()	0.0
ScorangerTests/PlaybackTempoTests/testNonsenseFallsBackRatherThanPropagating()	0.0
ScorangerTests/PlaybackTempoTests/testTheHandleTravelsLinearlyWithTheNumberUnderIt()	0.0
ScorangerTests/PlaybackTempoTests/testTheRangeIsOneToFourEighty()	0.0
ScorangerTests/PlaybackTempoTests/testTheRangeIsOneToThreeHundred()	0.0
ScorangerTests/PlaybackTempoTests/testTheRateIsTheTargetOverTheScoresOwnTempo()	0.0
ScorangerTests/PlaybackTempoTests/testTheSliderAndTheTransportReadTheSameNumber()	0.0
ScorangerTests/PlaybackTempoTests/testTheSliderRoundTrips()	0.0
ScorangerTests/PlaybackTimbreTests/testAFluteAndAPianoDoNotRenderTheSameSpectrum()	0.1
ScorangerTests/PlaybackTimbreTests/testAProgramChangeChangesWhatComesOut()	0.1
ScorangerTests/PlaybackTimbreTests/testAProgramChangeDoesNotRePatchALoadedSampler()	0.1
ScorangerTests/PlaybackTimbreTests/testASamplerWithNoBankIsWhatTheBugSoundedLike()	0.1
ScorangerTests/PlaybackTimbreTests/testChangingInstrumentWhileRunningKeepsTheChannelAudible()	0.1
ScorangerTests/PlaybackTimbreTests/testEightFamiliesRenderEightDifferentSpectra()	0.1
ScorangerTests/PlaybackTimbreTests/testRepeatedLiveInstrumentChangesLeaveEveryChannelAudible()	0.5
ScorangerTests/PlaybackTimbreTests/testTheMixersOwnPathRepatchesEveryChannel()	0.1
ScorangerTests/PlaybackTimbreTests/testTheSameProgramRenderedTwiceIsTheSameSpectrum()	0.1
ScorangerTests/PlaybackTimelineTests/testABeatExactlyOnABarlineBelongsToTheBarItOpens()	0.0
ScorangerTests/PlaybackTimelineTests/testARepeatedBarIsFoundOnBothPassesThroughIt()	0.0
ScorangerTests/PlaybackTimelineTests/testATempoNobodyChoseIsMarkedAsSuch()	0.0
ScorangerTests/PlaybackTimelineTests/testAnEmptyTimelineStillAnswersATempo()	0.0
ScorangerTests/PlaybackTimelineTests/testItDecodesTheEnginesOwnShape()	0.0
ScorangerTests/PlaybackTimelineTests/testOutsideThePerformanceThereIsNoBar()	0.0
ScorangerTests/PlaybackTimelineTests/testSeekingToABarFindsTheFirstTimeItIsPlayed()	0.0
ScorangerTests/PlaybackTimelineTests/testTheBarUnderThePlayHead()	0.0
ScorangerTests/PlaybackTimelineTests/testTheClickWindowIsHalfOpen()	0.0
ScorangerTests/PlaybackTracksTests/testAnAppendedTrackLandsAfterThePartsAndLeavesTheirIndicesAlone()	0.0
ScorangerTests/PlaybackTracksTests/testEveryVoiceMutedLeavesTheClickSounding()	0.0
ScorangerTests/PlaybackTracksTests/testMutingOnePartLeavesTheOthersAlone()	0.0
ScorangerTests/PlaybackTracksTests/testTheConductorTrackIsNotOneOfTheTracks()	0.0
ScorangerTests/PlaybackTracksTests/testTheSequencerRunsPastTheEndOfTheMusic()	0.0
ScorangerTests/PlaybackTracksTests/testTracksArriveInScoreOrder()	0.0
ScorangerTests/PlaybackVoicesTests/testAMuteIsDroppedWhenAnOpRenumbersTheParts()	0.0
ScorangerTests/PlaybackVoicesTests/testAMuteSurvivesAnOpThatLeavesTheStavesAlone()	0.0
ScorangerTests/PlaybackVoicesTests/testAStaleNameIsSimplyIgnored()	0.0
ScorangerTests/PlaybackVoicesTests/testATrackIndexIsAPartIndex()	0.0
ScorangerTests/PlaybackVoicesTests/testAndBackAgain()	0.0
ScorangerTests/PlaybackVoicesTests/testDuplicateStaffLabelsAreDisambiguatedForDisplayOnly()	0.0
ScorangerTests/PlaybackVoicesTests/testEveryVoiceOffWithNoMetronomeIsSilenceAndSaysSo()	0.0
ScorangerTests/PlaybackVoicesTests/testEverythingSoundsUntilSomethingIsSwitchedOff()	0.0
ScorangerTests/PlaybackVoicesTests/testNoPartsIsNotEverythingOff()	0.0
ScorangerTests/PlaybackVoicesTests/testTheVoiceListSaysWhatWillActuallyBeHeard()	0.0
ScorangerTests/PlaybackVoicesTests/testTurningEverythingOffIsHowYouGetTheMetronomeAlone()	0.0
ScorangerTests/PlaybackVoicesTests/testTwoPartsSharingAnInstrumentAreStillTwoVoices()	0.0
ScorangerTests/PlayheadDriftTests/testTheAudioIsWhereTheClockSaysItIs()	0.1
ScorangerTests/PlayheadDriftTests/testTheClockKeepsPaceWithTheDeviceInRealTime()	0.1
ScorangerTests/PlayheadDriftTests/testTheClockKeepsStepWithTheRenderedAudioToTheLastBar()	0.7
ScorangerTests/PlayheadDriftTests/testTheSequencerHonoursFourTimesTheOpeningTempo()	0.1
ScorangerTests/PlayheadTests/testADragLandsOnTheBarUnderIt()	0.0
ScorangerTests/PlayheadTests/testADragOffTheMusicTakesTheNearestBar()	0.0
ScorangerTests/PlayheadTests/testADragOverNoGeometryLandsNowhere()	0.0
ScorangerTests/PlayheadTests/testAFractionOffTheEndIsClamped()	0.0
ScorangerTests/PlayheadTests/testAMeasureNotOnThisPageHasNoCursor()	0.0
ScorangerTests/PlayheadTests/testAQuartetsFourStavesAreOneBarToADrag()	0.0
ScorangerTests/PlayheadTests/testARepeatedBarPutsTheCursorInTheSamePlaceBothTimes()	0.0
ScorangerTests/PlayheadTests/testAnUnreportedZoomDrawsTheLineAtFullSize()	0.0
ScorangerTests/PlayheadTests/testFindingThePageAMeasureIsEngravedOn()	0.0
ScorangerTests/PlayheadTests/testNoTargetGrabsNothing()	0.0
ScorangerTests/PlayheadTests/testTheBeatPlacesTheLineAcrossTheBar()	0.0
ScorangerTests/PlayheadTests/testTheCursorMovesThroughTotalSilence()	0.2
ScorangerTests/PlayheadTests/testTheHandleIsBiggerThanTheLineAndSoIsItsTarget()	0.0
ScorangerTests/PlayheadTests/testTheHandleIsGrabbedInsideItsTargetAndNotOutside()	0.0
ScorangerTests/PlayheadTests/testTheLineIsAHairline()	0.0
ScorangerTests/PlayheadTests/testTheLineKeepsItsWeightAtEveryZoom()	0.0
ScorangerTests/PlayheadTests/testTheLineSpansEveryStaffOfTheSystem()	0.0
ScorangerTests/PlayheadTests/testThePageTurnsAheadOfTheMusic()	0.0
ScorangerTests/PlayheadTests/testTheSystemIsChosenByYBeforeTheBarIsChosenByX()	0.0
ScorangerTests/PlayheadTickerTests/testTheTickerHandsOverTheBeatEveryFrame()	0.1
ScorangerTests/RasterCacheTests/testADifferentVersionOfTheSameScoreIsADifferentPicture()	0.0
ScorangerTests/RasterCacheTests/testAFailureIsNotHeld()	0.0
ScorangerTests/RasterCacheTests/testAPictureBiggerThanTheBudgetIsNotHeld()	0.0
ScorangerTests/RasterCacheTests/testAnAwaitedValueIsMadeOnceAndThenRemembered()	0.0
ScorangerTests/RasterCacheTests/testClearingEmptiesItAndTheCounters()	0.0
ScorangerTests/RasterCacheTests/testConcurrentAsksKeepTheAccountingStraight()	0.0
ScorangerTests/RasterCacheTests/testEveryPartOfTheKeyIdentifiesADifferentPicture()	0.0
ScorangerTests/RasterCacheTests/testEvictionStopsAsSoonAsItFits()	0.0
ScorangerTests/RasterCacheTests/testForgettingOneKeyLeavesTheRest()	0.0
ScorangerTests/RasterCacheTests/testTheBudgetIsCountedInBytesNotEntries()	0.0
ScorangerTests/RasterCacheTests/testTheLayoutIsPartOfTheKey()	0.0
ScorangerTests/RasterCacheTests/testTheLeastRecentlyUsedGoesFirst()	0.0
ScorangerTests/RasterCacheTests/testTheSecondAskDoesNotDrawAgain()	0.0
ScorangerTests/RehearsalMarksTests/testASinglePartIsLeftAlone()	0.0
ScorangerTests/RehearsalMarksTests/testFourPartsDrawOneMark()	0.0
ScorangerTests/RehearsalMarksTests/testMarksInDifferentBarsBothSurvive()	0.0
ScorangerTests/RehearsalMarksTests/testTwoDifferentLettersInOneBarAreBothKept()	0.0
ScorangerTests/RenderTransitionTests/testADifferentScoreStillBlanksWithALayoutInTheKey()	0.0
ScorangerTests/RenderTransitionTests/testARepeatOfTheSameKeyIsTheSameScore()	0.0
ScorangerTests/RenderTransitionTests/testAScoreWhoseSlugContainsDigitsIsStillItsOwnScore()	0.0
ScorangerTests/RenderTransitionTests/testAnOpOnTheOpenScoreIsTheSameScore()	0.0
ScorangerTests/RenderTransitionTests/testChangingLayoutIsTheSameScore()	0.0
ScorangerTests/RenderTransitionTests/testOnlyADifferentScoreBlanksTheCanvas()	0.0
ScorangerTests/RenderTransitionTests/testOnlyADifferentScoreLosesTheReadersPlace()	0.0
ScorangerTests/RenderTransitionTests/testOpeningADifferentArrangementIsADifferentScore()	0.0
ScorangerTests/RenderTransitionTests/testOpeningAnotherArrangementStillTakesTheOldOneDown()	0.0
ScorangerTests/RenderTransitionTests/testPickingAnEarlierVersionIsTheSameScore()	0.0
ScorangerTests/RenderTransitionTests/testTheFirstEngraveOfASessionIsFirst()	0.0
ScorangerTests/RouteTests/testACycleStopsInsteadOfSpinning()	0.0
ScorangerTests/RouteTests/testARouteFollowsAMovedArrangement()	0.0
ScorangerTests/RouteTests/testARowWhoseActionsAreAllOneTapExpands()	0.0
ScorangerTests/RouteTests/testARowWhoseActionsNeedATargetPushes()	0.0
ScorangerTests/RouteTests/testDeeperScreensJustSayBack()	0.0
ScorangerTests/RouteTests/testEveryArrangementInASelectionFollows()	0.0
ScorangerTests/RouteTests/testMovedTwiceLandsOnTheLatestName()	0.0
ScorangerTests/RouteTests/testMovingASelectionIsOneScreenForAllOfIt()	0.0
ScorangerTests/RouteTests/testNothingMovedMeansNothingChanges()	0.0
ScorangerTests/RouteTests/testPiecesAndSetlistsAreLeftAlone()	0.0
ScorangerTests/RouteTests/testTheSameScreenTwiceIsTheSameRoute()	0.0
ScorangerTests/RouteTests/testTheTwoRealCases()	0.0
ScorangerTests/RouteTests/testTopLevelScreensSayWhereBackGoes()	0.0
ScorangerTests/RowMetricsTests/testARowReservesRoomForTheMenuOverlaidOnIt()	0.0
ScorangerTests/RowMetricsTests/testEnteringEditModeMovesTheRowByTheGutterAlone()	0.0
ScorangerTests/RowMetricsTests/testTheCheckboxGutterIsExactlyOneHitTarget()	0.0
ScorangerTests/RowMetricsTests/testTheReservationLeavesAGapNotJustClearance()	0.0
ScorangerTests/SVGForSwiftDrawTests/testAMusicGlyphDoesNotSizeTheWordsBesideIt()	0.0
ScorangerTests/SVGForSwiftDrawTests/testAWellFormedPageKeepsItsDrawing()	0.0
ScorangerTests/SVGForSwiftDrawTests/testAnItalicFaceChangesWhatIsDrawn()	0.0
ScorangerTests/SVGForSwiftDrawTests/testAnUnclosedTextDoesNotSwallowTheRestOfThePage()	0.0
ScorangerTests/SVGForSwiftDrawTests/testFlatteningNeverRemovesDrawingElements()	0.0
ScorangerTests/SVGForSwiftDrawTests/testItStillFlattensNestedTspans()	0.0
ScorangerTests/SVGForSwiftDrawTests/testMeasureNumbersAreItalic()	0.0
ScorangerTests/SVGForSwiftDrawTests/testTempoDigitsKeepTheEngravedSizeAndNotTheGlyphs()	0.0
ScorangerTests/SVGForSwiftDrawTests/testThePreparedMarksPageStillDraws()	0.1
ScorangerTests/SVGForSwiftDrawTests/testTheStylesheetsFacesReachTheText()	0.0
ScorangerTests/ScanImageTests/testAPDFIsPassedThroughUntouched()	0.0
ScorangerTests/ScanImageTests/testAPNGWorksToo()	0.0
ScorangerTests/ScanImageTests/testAnImageBecomesASinglePagePDF()	0.0
ScorangerTests/ScanImageTests/testAnImageIsWrappedForDisplay()	0.0
ScorangerTests/ScanImageTests/testSomethingThatIsNotAnImageIsRefused()	0.0
ScorangerTests/ScanImageTests/testThePageIsTheImageAndNotAPaperSize()	0.0
ScorangerTests/ScannedBookPerfTests/testTheCostOfAFlickAcrossAScannedBook()	0.0
ScorangerTests/ScannedBookPerfTests/testWhatAFlickCostsTheMainThreadBeforeAndAfter()	0.0
ScorangerTests/ScannedBookPerfTests/testWhatAScannedReadingPageCostsAndHolds()	0.0
ScorangerTests/ScannedBookPerfTests/testWhatOneScannedPageCostsToDraw()	0.0
ScorangerTests/ScoreArtifactTests/testAPdfIsAScan()	0.0
ScorangerTests/ScoreArtifactTests/testAPictureOfAPageIsAnImage()	0.0
ScorangerTests/ScoreArtifactTests/testAScanAndAnImageAreBothMadeEditableByOMR()	0.0
ScorangerTests/ScoreArtifactTests/testAnImageCanBeNeitherSelectedNorEdited()	0.0
ScorangerTests/ScoreArtifactTests/testBothKindsTakePencilMarkup()	0.0
ScorangerTests/ScoreArtifactTests/testNotationIsRecognisedByItsSuffix()	0.0
ScorangerTests/ScoreArtifactTests/testOnlyNotationCanBeSelectedOrEdited()	0.0
ScorangerTests/ScoreArtifactTests/testTheRefusalSaysWhatToDoAboutIt()	0.0
ScorangerTests/ScoreArtifactTests/testTheUnknownIsTreatedAsAScan()	0.0
ScorangerTests/ScoreBarLayoutTests/testANarrowBarYieldsTheChipRatherThanTheWayOut()	0.0
ScorangerTests/ScoreBarLayoutTests/testAPhoneDropsIt()	0.0
ScorangerTests/ScoreBarLayoutTests/testAPhoneKeepsTheEssentialsAndDropsTheExtras()	0.0
ScorangerTests/ScoreBarLayoutTests/testAPhoneKeepsTheTitleAndDropsWhatSitsBesideIt()	0.0
ScorangerTests/ScoreBarLayoutTests/testAWideBarSeatsTheAddToSetlistButton()	0.0
ScorangerTests/ScoreBarLayoutTests/testAnIPadKeepsTheNumeralAndSubtitle()	0.0
ScorangerTests/ScoreBarLayoutTests/testAnIPadSeatsBothSwitches()	0.0
ScorangerTests/ScoreBarLayoutTests/testAnIPadSeatsTheChipWithoutOverflowing()	0.0
ScorangerTests/ScoreBarLayoutTests/testAnIPadSeatsTheTransportToggle()	0.0
ScorangerTests/ScoreBarLayoutTests/testAnIPadShowsTheWholeBar()	0.0
ScorangerTests/ScoreBarLayoutTests/testAnUnmeasuredBarShowsEverything()	0.0
ScorangerTests/ScoreBarLayoutTests/testEveryRealWidthSeatsTheWayOutAndTheActions()	0.0
ScorangerTests/ScoreBarLayoutTests/testNoCompactWidthOverflows()	0.0
ScorangerTests/ScoreBarLayoutTests/testNoWidthOverflowsWhetherOrNotSomethingIsTranscribing()	0.0
ScorangerTests/ScoreBarLayoutTests/testNothingReappearsAsTheBarNarrows()	0.0
ScorangerTests/ScoreBarLayoutTests/testOptionsDoesNotCarryPerformWhenTheSecondRowDoes()	0.0
ScorangerTests/ScoreBarLayoutTests/testTheAddToSetlistButtonIsTheFirstThingToGo()	0.0
ScorangerTests/ScoreBarLayoutTests/testTheAddToSetlistButtonNeverReappears()	0.0
ScorangerTests/ScoreBarLayoutTests/testTheChipIsAbsentUnlessOMRIsRunning()	0.0
ScorangerTests/ScoreBarLayoutTests/testTheChipIsSeatedBeforeTheSwitchesAre()	0.0
ScorangerTests/ScoreBarLayoutTests/testTheFirstThingANarrowingBarYieldsIsTheVersionCount()	0.0
ScorangerTests/ScoreBarLayoutTests/testThePerformanceToggleNeverReappears()	0.0
ScorangerTests/ScoreBarLayoutTests/testThePhoneKeepsThePencilOnceTheCellsHaveARowOfTheirOwn()	0.0
ScorangerTests/ScoreBarLayoutTests/testThePhoneStillYieldsTheOriginsName()	0.0
ScorangerTests/ScoreBarLayoutTests/testTheSecondRowTakesTheThreeControlsOffThePhonesBar()	0.0
ScorangerTests/ScoreBarLayoutTests/testTheTransportToggleYieldsBeforeALayoutCell()	0.0
ScorangerTests/ScoreBarLayoutTests/testTheTwoSwitchesAreNeverSplit()	0.0
ScorangerTests/ScoreBarLayoutTests/testTheVersionCountYieldsSecondAndNothingAboveItGoesFirst()	0.0
ScorangerTests/ScoreBarLayoutTests/testTheWidestBarReservesNoRoomForAModeChip()	0.0
ScorangerTests/ScoreBarLayoutTests/testThingsYieldInTheStatedOrder()	0.0
ScorangerTests/ScoreBarSelectArmTests/testAPhoneKeepsSelectAndGivesUpThePencil()	0.0
ScorangerTests/ScoreBarSelectArmTests/testMarkupIsReachableAtEveryWidth()	0.0
ScorangerTests/ScoreBarSelectArmTests/testSelectIsOnTheBarAtEveryWidth()	0.0
ScorangerTests/ScoreBarSelectArmTests/testTheFloorStillFitsTheNarrowestPhone()	0.0
ScorangerTests/ScoreBarSelectArmTests/testWhatTheBarSeatsAlwaysFitsOnIt()	0.0
ScorangerTests/ScoreExportTests/testADotInTheTitleSurvivesWithoutEatingTheExtension()	0.0
ScorangerTests/ScoreExportTests/testAPinnedVersionIsNamedAndTheLatestIsNot()	0.0
ScorangerTests/ScoreExportTests/testAVeryLongTitleIsTrimmedButKeepsItsExtension()	0.0
ScorangerTests/ScoreExportTests/testAnEmptyTitleStillProducesAUsableName()	0.0
ScorangerTests/ScoreExportTests/testCharactersAFilesystemRefusesAreReplaced()	0.0
ScorangerTests/ScoreExportTests/testEachFormatHasItsOwnExtension()	0.0
ScorangerTests/ScoreExportTests/testLeadingAndTrailingSpaceIsDropped()	0.0
ScorangerTests/ScoreExportTests/testPDFIsRenderedOnDeviceAndTheOthersAreNot()	0.0
ScorangerTests/ScoreExportTests/testTheFilenameIsTheArrangementTitle()	0.0
ScorangerTests/ScoreExportTests/testTheRowsTheUITestDrivesAreTheFormatsThisEnumHas()	0.0
ScorangerTests/ScoreExportTests/testThreeFormatsAreOffered()	0.0
ScorangerTests/ScoreLayoutTests/testAFailedHandoverDoesNotStrandTheReaderOnTheWrongEngraving()	0.0
ScorangerTests/ScoreLayoutTests/testAPhoneIsOfferedPageAndContinuousOnly()	0.0
ScorangerTests/ScoreLayoutTests/testASpreadIsTheOnlyLayoutShowingTwoPages()	0.0
ScorangerTests/ScoreLayoutTests/testAStripIsNotDrawnBeforeItExists()	0.0
ScorangerTests/ScoreLayoutTests/testContinuousDoesNotOfferAnnotation()	0.0
ScorangerTests/ScoreLayoutTests/testContinuousHasNoPageCounter()	0.0
ScorangerTests/ScoreLayoutTests/testPageAndSpreadSwitchWithoutWaiting()	0.0
ScorangerTests/ScoreLayoutTests/testPagesAreNotDrawnBeforeTheyExist()	0.0
ScorangerTests/ScoreLayoutTests/testSteppingOnAPhoneSkipsTheSpread()	0.0
ScorangerTests/ScoreLayoutTests/testSteppingWalksTheOptionsAndStopsAtTheEnds()	0.0
ScorangerTests/ScoreLayoutTests/testTheFlashFixSurvivesTheStrandingFix()	0.0
ScorangerTests/ScoreLayoutTests/testTheLayoutCannotBeBothSpreadAndContinuous()	0.0
ScorangerTests/ScoreLayoutTests/testTheStoredValuesAreStable()	0.0
ScorangerTests/ScoreLayoutTests/testTheTwoPagedLayoutsShareAnEngraving()	0.0
ScorangerTests/ScoreLayoutTests/testWhatIsDrawnAlwaysMatchesTheEngravingThatIsHeld()	0.0
ScorangerTests/ScoreLayoutTests/testWhenTheEngravingArrivesTheChoiceIsDrawn()	0.0
ScorangerTests/ScoreLayoutTests/testWithNoPagesTheChoiceIsDrawnAtOnce()	0.0
ScorangerTests/ScoreModelTests/testABarIsStillSelectableByItsMembers()	0.0
ScorangerTests/ScoreModelTests/testALoopStillSelectsWhatItEncloses()	0.0
ScorangerTests/ScoreModelTests/testASelectionOfNothingButMeasuresIsEmpty()	0.0
ScorangerTests/ScoreModelTests/testAStrokeNearTheTopStaffDoesNotSelectTheWholeBar()	0.0
ScorangerTests/ScoreModelTests/testAStrokeThroughABarSelectsIt()	0.0
ScorangerTests/ScoreModelTests/testAStrokeThroughEmptySpaceSelectsNoBar()	0.0
ScorangerTests/ScoreModelTests/testATapAboveEverythingPicksTheTopStaff()	0.0
ScorangerTests/ScoreModelTests/testATapBelowEverythingPicksTheBottomStaff()	0.0
ScorangerTests/ScoreModelTests/testATapInTheGapPicksTheNearerStaff()	0.0
ScorangerTests/ScoreModelTests/testATapOnTheBottomStaffPicksTheBottomStaff()	0.0
ScorangerTests/ScoreModelTests/testATapOnTheMiddleStaffPicksTheMiddleStaff()	0.0
ScorangerTests/ScoreModelTests/testATapOnTheTopStaffPicksTheTopStaff()	0.0
ScorangerTests/ScoreModelTests/testAUnifiedSelectionMixesKindsRatherThanFilteringThem()	0.0
ScorangerTests/ScoreModelTests/testAddressRoundTripsThroughLookup()	0.0
ScorangerTests/ScoreModelTests/testAddressesAreUniquePerElement()	0.0
ScorangerTests/ScoreModelTests/testAddressesSurviveAReRenderThatChangesEveryID()	0.0
ScorangerTests/ScoreModelTests/testComplexScoreIndexesChordSymbolsAndMultipleStaves()	0.0
ScorangerTests/ScoreModelTests/testComplexScoreLassoAcrossOneStaffStaysOnThatStaff()	0.0
ScorangerTests/ScoreModelTests/testDegenerateLassoSelectsNothing()	0.0
ScorangerTests/ScoreModelTests/testElementsSitInsideTheirMeasure()	0.0
ScorangerTests/ScoreModelTests/testEmptySelectionHasNoChatDescription()	0.0
ScorangerTests/ScoreModelTests/testEveryElementHasFiniteNonEmptyGeometry()	0.0
ScorangerTests/ScoreModelTests/testGeometryIsStableAcrossRenders()	0.0
ScorangerTests/ScoreModelTests/testKindFilterRestrictsResults()	0.0
ScorangerTests/ScoreModelTests/testLassoSelectsWhatItEnclosesAndNothingElse()	0.0
ScorangerTests/ScoreModelTests/testNoStavesMeansNoAnswerRatherThanAGuess()	0.0
ScorangerTests/ScoreModelTests/testNotesCarryMusicalAddresses()	0.0
ScorangerTests/ScoreModelTests/testParsesPageSizeAndElements()	0.0
ScorangerTests/ScoreModelTests/testPathBoundsHandlesAbsoluteAndRelativeCommands()	0.0
ScorangerTests/ScoreModelTests/testPointHitTestPrefersTheSmallestElement()	0.0
ScorangerTests/ScoreModelTests/testRectQueryFindsAKnownElement()	0.0
ScorangerTests/ScoreModelTests/testSelectionDescribesItselfInBarsAndStaves()	0.0
ScorangerTests/ScoreModelTests/testSelectionReferenceReadsAsBarsAndStaves()	0.0
ScorangerTests/ScoreModelTests/testSignedAreaIsZeroForAPathThatDoublesBack()	0.0
ScorangerTests/ScoreModelTests/testStaffZeroIsNotReportedAsAStaff()	0.0
ScorangerTests/ScoreModelTests/testTheAnswerIsNeverTheNotStaffSpecificMarker()	0.0
ScorangerTests/ScoreModelTests/testTransformParsingComposesInSVGOrder()	0.0
ScorangerTests/ScorePositionTests/testASinglePageReadsAsOne()	0.0
ScorangerTests/ScorePositionTests/testASpreadReadsAsARange()	0.0
ScorangerTests/ScorePositionTests/testAViewportOutsideTheContentStillReportsSomething()	0.0
ScorangerTests/ScorePositionTests/testAViewportStraddlingTwoPagesReportsBoth()	0.0
ScorangerTests/ScorePositionTests/testAnEmptyDocumentSaysNothing()	0.0
ScorangerTests/ScorePositionTests/testNoBarsOnScreenReportsNothingRatherThanZero()	0.0
ScorangerTests/ScorePositionTests/testNothingVisibleSaysNothing()	0.0
ScorangerTests/ScorePositionTests/testTheBarIsTheLowestOnScreen()	0.0
ScorangerTests/ScorePositionTests/testTheFirstPageIsPageOneNotPageZero()	0.0
ScorangerTests/ScorePositionTests/testTheNotMeasureSpecificMarkerIsNeverReported()	0.0
ScorangerTests/ScorePositionTests/testThePageUnderTheViewportIsVisible()	0.0
ScorangerTests/ScorePositionTests/testZoomedInOnOnePageReportsOnlyThatPage()	0.0
ScorangerTests/ScoreTitleTests/testARealTitleIsATitle()	0.0
ScorangerTests/ScoreTitleTests/testASlugIsNotATitle()	0.0
ScorangerTests/ScoreTitleTests/testASlugTitleFallsBackToThePieceAndItsParts()	0.0
ScorangerTests/ScoreTitleTests/testATitleIsShownWhenThereIsOne()	0.0
ScorangerTests/ScoreTitleTests/testFewPartsAreNamedRatherThanCounted()	0.0
ScorangerTests/ScoreTitleTests/testItNeverPrintsTheSlug()	0.0
ScorangerTests/ScoreTitleTests/testNoVersionsSaysNothing()	0.0
ScorangerTests/ScoreTitleTests/testOneVersionIsSingular()	0.0
ScorangerTests/ScoreTitleTests/testTheNameIsUsedWhenTheTitleIsAFile()	0.0
ScorangerTests/ScoreTitleTests/testTheVersionsLabelCountsThem()	0.0
ScorangerTests/ScoreTitleTests/testUnnamedPartsAreCountedNotListed()	0.0
ScorangerTests/ScreenWakeTests/testAScoreLeftUntouchedStaysLit()	0.0
ScorangerTests/ScreenWakeTests/testItIsTakenAgainOnTheWayBack()	0.0
ScorangerTests/ScreenWakeTests/testLeavingTheScoreGivesTheScreenBack()	0.0
ScorangerTests/ScreenWakeTests/testNothingOpenAndNothingPlayingIsNotAReason()	0.0
ScorangerTests/ScreenWakeTests/testPlaybackIsReasonEnoughOnItsOwn()	0.0
ScorangerTests/ScreenWakeTests/testTheClaimIsDroppedWhenTheAppGoesAway()	0.0
ScorangerTests/ScreenWakeTests/testTheLibraryKeepsTheSystemsOwnTimer()	0.0
ScorangerTests/SelectionCombineTests/testAChosenModeSurvivesWhileSomethingIsStillSelected()	0.0
ScorangerTests/SelectionCombineTests/testALassoAlwaysSelectsSomethingWhenNothingWasSelectedBefore()	0.0
ScorangerTests/SelectionCombineTests/testALassoDropsTheBarAndKeepsTheNotes()	0.0
ScorangerTests/SelectionCombineTests/testALassoOverEmptySpaceCatchesNothingRatherThanTheWholeBar()	0.0
ScorangerTests/SelectionCombineTests/testASelectionAcrossStavesListsThem()	0.0
ScorangerTests/SelectionCombineTests/testASelectionDoesNotSurviveADeliberateVersionSwitch()	0.0
ScorangerTests/SelectionCombineTests/testASelectionDoesNotSurviveSwitchingArrangement()	0.0
ScorangerTests/SelectionCombineTests/testASelectionSpanningBarsSaysSo()	0.0
ScorangerTests/SelectionCombineTests/testASelectionSurvivesANewVersionOfTheSameScore()	0.0
ScorangerTests/SelectionCombineTests/testASelectionWithNoPriorEngravingDoesNotSurvive()	0.0
ScorangerTests/SelectionCombineTests/testAddDoesNotListTheSameElementTwice()	0.0
ScorangerTests/SelectionCombineTests/testAddKeepsTheOrderThingsWereSelectedIn()	0.0
ScorangerTests/SelectionCombineTests/testAddToAnEmptySelectionIsJustWhatWasCaught()	0.0
ScorangerTests/SelectionCombineTests/testAddUnionsWithWhatWasAlreadyThere()	0.0
ScorangerTests/SelectionCombineTests/testAnEmptySelectionAlwaysReturnsToReplace()	0.0
ScorangerTests/SelectionCombineTests/testDroppingOneAddressLeavesTheRest()	0.0
ScorangerTests/SelectionCombineTests/testDroppingSomethingNotSelectedChangesNothing()	0.0
ScorangerTests/SelectionCombineTests/testNotesAreUntouchedByTheFilter()	0.0
ScorangerTests/SelectionCombineTests/testOneElementIsNotPluralised()	0.0
ScorangerTests/SelectionCombineTests/testReplaceKeepsOnlyWhatTheLassoCaught()	0.0
ScorangerTests/SelectionCombineTests/testReplaceWithNothingEmptiesTheSelection()	0.0
ScorangerTests/SelectionCombineTests/testSubtractFromNothingStaysNothing()	0.0
ScorangerTests/SelectionCombineTests/testSubtractIsDrawnDifferentlyFromTheOthers()	0.0
ScorangerTests/SelectionCombineTests/testSubtractLeavesUntouchedWhatItDidNotCatch()	0.0
ScorangerTests/SelectionCombineTests/testSubtractRemovesWhatTheLassoCaught()	0.0
ScorangerTests/SelectionCombineTests/testSubtractingEverythingEmptiesTheSelection()	0.0
ScorangerTests/SelectionCombineTests/testTheAddressListIsTheEnginesSyntax()	0.0
ScorangerTests/SelectionCombineTests/testTheChipNamesTheStaffAndVoice()	0.0
ScorangerTests/SelectionCombineTests/testTheHeadlineCountsAndNamesTheBar()	0.0
ScorangerTests/SelectionFillTests/testAMeasureIsFilledMoreLightly()	0.0
ScorangerTests/SelectionFillTests/testANoteKeepsItsFill()	0.0
ScorangerTests/SelectionFillTests/testEveryKindHasAFill()	0.0
ScorangerTests/SelectionFillTests/testMarkingsAreFilledLikeNotes()	0.0
ScorangerTests/SelectionFillTests/testTheBarIsLighterThanTheNote()	0.0
ScorangerTests/SelectionFillTests/testTheBorderDoesNotFollowTheFill()	0.0
ScorangerTests/SelectionInkTests/testAPageWithNoSizeCatchesNothing()	0.0
ScorangerTests/SelectionInkTests/testAStrokeNearTheEndOfTheStripStaysOnIt()	0.0
ScorangerTests/SelectionInkTests/testAViewPointStaysAViewPointAtEveryZoom()	0.0
ScorangerTests/SelectionInkTests/testAnUnreportedZoomDrawsAtFullSize()	0.0
ScorangerTests/SelectionInkTests/testTheBoxTracksTheNoteheadWhileItsPaddingStaysOnScreen()	0.0
ScorangerTests/SelectionInkTests/testTheDashKeepsItsRhythm()	0.0
ScorangerTests/SelectionInkTests/testTheMinimumBoxIsASizeOnScreen()	0.0
ScorangerTests/SelectionInkTests/testTheTwelveTimesCeilingIsWhatMadeItUnusable()	0.0
ScorangerTests/SelectionInkTests/testUnitPointsConvertByThePagesOwnSize()	0.0
ScorangerTests/SelectionInkTests/testZoomingOutDoesNotThickenTheInk()	0.0
ScorangerTests/SelectionMergeTests/testACompleteBarAndAPartialOneAreDrawnDifferently()	0.0
ScorangerTests/SelectionMergeTests/testACompleteBarBecomesOneBoxOverItsOwnMembers()	0.0
ScorangerTests/SelectionMergeTests/testAPartialBarKeepsItsIndividualBoxes()	0.0
ScorangerTests/SelectionMergeTests/testARepeatedAddressDoesNotCompleteABar()	0.0
ScorangerTests/SelectionMergeTests/testAnUnknownBarIsNeverMerged()	0.0
ScorangerTests/SelectionMergeTests/testOneBarOnTwoStavesIsTwoRectangles()	0.0
ScorangerTests/SelectionMergeTests/testSeveralBarsAreSeveralRectangles()	0.0
ScorangerTests/SelectionMergeTests/testTheMarkNeverGrowsBeyondWhatWasSelected()	0.0
ScorangerTests/SelectionMergeTests/testTheMergedMarkDrawsAtTwelvePercentAndTheRestAtTwentyTwo()	0.0
ScorangerTests/SelectionMergeTests/testTheUnionReplacesTheBoxesRatherThanCoveringThem()	0.0
ScorangerTests/SequencerTrackMappingTests/testAnUnexplainedTrackCountIsRefusedRatherThanGuessedAt()	0.0
ScorangerTests/SequencerTrackMappingTests/testTheOffsetIsTheExtraTrackAndNothingElse()	0.0
ScorangerTests/SequencerTrackMappingTests/testTheRealFileMapsEveryPartToItsOwnTrack()	0.0
ScorangerTests/SequencerTrackMappingTests/testThreePartsArriveAsFourTracksWithTheConductorFirst()	0.0
ScorangerTests/SetlistFromSelectionTests/testAMixedSevenGetTheWeekday()	0.0
ScorangerTests/SetlistFromSelectionTests/testAPieceWithNoArrangementsIsSkippedAndNamed()	0.0
ScorangerTests/SetlistFromSelectionTests/testARepeatGetsACount()	0.0
ScorangerTests/SetlistFromSelectionTests/testComposerEqualityIsStrict()	0.0
ScorangerTests/SetlistFromSelectionTests/testJoinedTitlesPastTheBudgetFallThrough()	0.0
ScorangerTests/SetlistFromSelectionTests/testNoOutputExceedsTheBudgetExceptAComposersOwnName()	0.0
ScorangerTests/SetlistFromSelectionTests/testNothingIsMadeFromEmptyPiecesAlone()	0.0
ScorangerTests/SetlistFromSelectionTests/testOneArrangementEachSaysNothing()	0.0
ScorangerTests/SetlistFromSelectionTests/testSevenByOneComposerAreNamedForTheComposer()	0.0
ScorangerTests/SetlistFromSelectionTests/testThreePiecesGiveTheirFirstArrangementsInOrder()	0.0
ScorangerTests/SetlistFromSelectionTests/testThreeTitlesThatFitAreJoinedAndFourAreNot()	0.0
ScorangerTests/SetlistFromSelectionTests/testTwoPiecesGiveTheirJoinedTitles()	0.0
ScorangerTests/SetlistMembershipTests/testALibraryWithNoSetlistsOffersNothing()	0.0
ScorangerTests/SetlistMembershipTests/testATapOnAMemberRemovesAndOnANonMemberAdds()	0.0
ScorangerTests/SetlistMembershipTests/testEachRowSaysHowFullTheSetlistIs()	0.0
ScorangerTests/SetlistMembershipTests/testEverySetlistIsOfferedWhetherOrNotTheScoreIsInIt()	0.0
ScorangerTests/SetlistMembershipTests/testItSortsByTheNameOnScreenRatherThanTheSlug()	0.0
ScorangerTests/SetlistMembershipTests/testTheButtonSaysHowManySetlistsTheScoreIsIn()	0.0
ScorangerTests/SetlistMembershipTests/testTheCheckMarksTheSetlistsTheScoreIsAlreadyIn()	0.0
ScorangerTests/SetlistMembershipTests/testTheOrderDoesNotChangeWhenMembershipDoes()	0.0
ScorangerTests/SetlistMembershipTests/testTheSortIgnoresCase()	0.0
ScorangerTests/SetlistMembershipTests/testWithNoSetlistsTheSummarySaysSo()	0.0
ScorangerTests/SetlistSharingTests/testANonParticipantHasNoLayerOfTheirOwn()	0.0
ScorangerTests/SetlistSharingTests/testAPendingInviteIsClaimedByTheAddressItWasSentTo()	0.0
ScorangerTests/SetlistSharingTests/testAWithdrawnInviteStaysWithdrawn()	0.0
ScorangerTests/SetlistSharingTests/testAnAddressMatchesWhateverTheKeyboardDidToIt()	0.0
ScorangerTests/SetlistSharingTests/testAnInviteCarriesTheNameAndNoContent()	0.0
ScorangerTests/SetlistSharingTests/testAnInviteIsGoodOnce()	0.0
ScorangerTests/SetlistSharingTests/testAnUnverifiedAddressCannotClaimAnything()	0.0
ScorangerTests/SetlistSharingTests/testAnyoneButTheOwnerCanLeave()	0.0
ScorangerTests/SetlistSharingTests/testColoursAgreeOnEveryDeviceWhateverOrderTheListArrivesIn()	0.0
ScorangerTests/SetlistSharingTests/testEveryRoleGetsExactlyThePowersPrinciple4GivesIt()	0.0
ScorangerTests/SetlistSharingTests/testEveryoneShowsEverybodyWithMineOnTop()	0.0
ScorangerTests/SetlistSharingTests/testMineShowsOnlyMine()	0.0
ScorangerTests/SetlistSharingTests/testOnePersonShowsThatPerson()	0.0
ScorangerTests/SetlistSharingTests/testOnlyTheOwnerCanDeleteTheSetlist()	0.0
ScorangerTests/SetlistSharingTests/testRemovingAnotherPersonIsTheOwnersAlone()	0.0
ScorangerTests/SetlistSharingTests/testTheCapRefusesTheThirteenthEvenWithAGoodInvite()	0.0
ScorangerTests/SetlistSharingTests/testTheFunctionEnforcesTheSameCapThisAppShows()	0.0
ScorangerTests/SetlistSharingTests/testTheInkKeyNamesTheEntryThePersonAndThePage()	0.0
ScorangerTests/SetlistSharingTests/testTheTwelfthPersonFitsAndTheThirteenthDoesNot()	0.0
ScorangerTests/SetlistSharingTests/testTheWrongAddressIsRefused()	0.0
ScorangerTests/SetlistSharingTests/testWithdrawnBeatsAcceptedWhenBothAreSomehowStamped()	0.0
ScorangerTests/SharedEntryImportTests/testAMissingOrEmptySlugIsNil()	0.0
ScorangerTests/SharedEntryImportTests/testAScanGoesToImportPdfBecauseImportCannotParseOne()	0.0
ScorangerTests/SharedEntryImportTests/testImportPdfReturnsTheSameShape()	0.0
ScorangerTests/SharedEntryImportTests/testNotationGoesToImport()	0.0
ScorangerTests/SharedEntryImportTests/testTheOldReadingWouldHaveFoundNothing()	0.0
ScorangerTests/SharedEntryImportTests/testTheSlugIsTheScoreStringTheBridgeReturns()	0.0
ScorangerTests/SharedEntryKeyTests/testAKeyThatIsShapedWrongIsRefusedRatherThanGuessedAt()	0.0
ScorangerTests/SharedEntryKeyTests/testALocalArrangementsKeyIsNotAnEntryAndIsNeverPushed()	0.0
ScorangerTests/SharedEntryKeyTests/testASharedEntryAndMyOwnCopyOfTheSameTuneDoNotShareAKey()	0.0
ScorangerTests/SharedEntryKeyTests/testASharedEntrysPageIsRecognisedWithItsEntryAndPage()	0.0
ScorangerTests/SharedEntryKeyTests/testAnEntrysLocalCopyIsRememberedAndCanBeForgotten()	0.0
ScorangerTests/SharedEntryKeyTests/testPageZeroIsAPageBecauseTheFirstPageIsIndexZero()	0.0
ScorangerTests/SharedEntryKeyTests/testTheNamespaceSaysWhetherMarkupBelongsToASetListOrToMe()	0.0
ScorangerTests/SharedInkSizeTests/testABandmatesLayerCarriesTheRatioOfTheTwoPages()	0.0
ScorangerTests/SharedInkSizeTests/testAHeavilyMarkedPageIsNowhereNearTheDocumentLimit()	0.0
ScorangerTests/SharedInkSizeTests/testAKeyThatIsNotAPageNumberIsDroppedRatherThanFailingTheWholeLayer()	0.0
ScorangerTests/SharedInkSizeTests/testAMissingOrAbsurdWidthDrawsAtLifeSizeRatherThanVanishing()	0.0
ScorangerTests/SharedInkSizeTests/testAPageNobodyMarkedDrawsNothing()	0.0
ScorangerTests/SharedInkSizeTests/testAWholeMarkedUpArrangementFitsInOneDocument()	0.1
ScorangerTests/SharedInkSizeTests/testAnEmptyLayerFitsAndCostsNothing()	0.0
ScorangerTests/SharedInkSizeTests/testAnEmptyLayerIsNotDrawnAtAll()	0.0
ScorangerTests/SharedInkSizeTests/testEverybodysMarksAreDrawnWithMineOnTopAndEachInTheirOwnColour()	0.0
ScorangerTests/SharedInkSizeTests/testInkDrawnOnAnIPadIsScaledToFitAPhonesPage()	0.0
ScorangerTests/SharedInkSizeTests/testJustOverHalfTheBudgetMeansOnlyOnePageFits()	0.0
ScorangerTests/SharedInkSizeTests/testMineOnlyDrawsMineAndOneOtherPersonDrawsThatPerson()	0.0
ScorangerTests/SharedInkSizeTests/testMyOwnLayerIsNeverRescaledWhateverWidthWasRecorded()	0.0
ScorangerTests/SharedInkSizeTests/testOneEnormousPageDoesNotTakeTheRestOfTheScoreWithIt()	0.0
ScorangerTests/SharedInkSizeTests/testPagesSurviveTheRoundTripThroughAFirestoreMap()	0.0
ScorangerTests/SharedInkSizeTests/testPagesThatDoNotFitAreNamedFromTheFrontOfTheScore()	0.0
ScorangerTests/SharedInkSizeTests/testTheSameSizedPageNeedsNoScaling()	0.0
ScorangerTests/SharedInviteLinkTests/testAPastedHttpsLinkYieldsTheIdEvenWithProseAroundIt()	0.0
ScorangerTests/SharedInviteLinkTests/testAPathIsNotAnId()	0.0
ScorangerTests/SharedInviteLinkTests/testAWebLinkIsNotMistakenForAnInvitation()	0.0
ScorangerTests/SharedInviteLinkTests/testAnAbsurdlyLongIdIsRefused()	0.0
ScorangerTests/SharedInviteLinkTests/testAnAddressWithoutAnAtOrADotIsNotWorthSending()	0.0
ScorangerTests/SharedInviteLinkTests/testAnAirDroppedBundleIsNotMistakenForAnInvitation()	0.0
ScorangerTests/SharedInviteLinkTests/testAnEmptyOrMissingIdIsRefused()	0.0
ScorangerTests/SharedInviteLinkTests/testAnIdWithAPathSeparatorIsRefused()	0.0
ScorangerTests/SharedInviteLinkTests/testAnInvitationLinkCarriesTheInvitationsId()	0.0
ScorangerTests/SharedInviteLinkTests/testAnOrdinaryAddressPassesIncludingTheAwkwardOnes()	0.0
ScorangerTests/SharedInviteLinkTests/testAnUnslottedParticipantGetsTheAppsOwnColourRatherThanBlack()	0.0
ScorangerTests/SharedInviteLinkTests/testAnotherPageOnOurOwnSiteIsNotAnInvitation()	0.0
ScorangerTests/SharedInviteLinkTests/testColoursFollowTheSlotRuleSoTwoDevicesAgree()	0.0
ScorangerTests/SharedInviteLinkTests/testEveryColourSlotHasAColourAndTheyAreAllDifferent()	0.0
ScorangerTests/SharedInviteLinkTests/testGooglesSignInCallbackIsNotMistakenForAnInvitation()	0.0
ScorangerTests/SharedInviteLinkTests/testNothingOnTheClipboardIsNotAnInvitation()	0.0
ScorangerTests/SharedInviteLinkTests/testOurSchemeWithSomeOtherHostIsRefused()	0.0
ScorangerTests/SharedInviteLinkTests/testProseWithNoLinkInItIsNotAnInvitation()	0.0
ScorangerTests/SharedInviteLinkTests/testSomeOtherSiteServingTheSamePathIsNotAnInvitation()	0.0
ScorangerTests/SharedInviteLinkTests/testTheHostIsMatchedCaseInsensitivelyBecauseAMailClientMayRewriteIt()	0.0
ScorangerTests/SharedInviteLinkTests/testTheHttpsFormRefusesTheSameIdsTheSchemeFormDoes()	0.0
ScorangerTests/SharedInviteLinkTests/testTheHttpsLinkTheAppBuildsIsTheLinkItReads()	0.0
ScorangerTests/SharedInviteLinkTests/testTheIdAloneIsAccepted()	0.0
ScorangerTests/SharedInviteLinkTests/testTheLinkIsNotAToken()	0.0
ScorangerTests/SharedInviteLinkTests/testTheLinkStopsAtTheWhitespaceAfterIt()	0.0
ScorangerTests/SharedInviteLinkTests/testTheMessageCarriesTheHttpsLinkSoMessagesWillLinkifyIt()	0.0
ScorangerTests/SharedInviteLinkTests/testTheMessageNamesTheSetlistTheAddressAndTheLink()	0.0
ScorangerTests/SharedInviteLinkTests/testTheSchemeIsMatchedCaseInsensitivelyBecauseAMailClientMayRewriteIt()	0.0
ScorangerTests/SharedInviteLinkTests/testTheWholeMessageTheAppSendsYieldsTheId()	0.0
ScorangerTests/SharedOrderTests/testAHundredMovesKeepTheKeysOrderedAndDistinct()	0.1
ScorangerTests/SharedOrderTests/testAMoveOffEitherEndIsRefusedRatherThanClamped()	0.0
ScorangerTests/SharedOrderTests/testAWholeSetlistIsSpreadInOrder()	0.0
ScorangerTests/SharedOrderTests/testAdjacentKeysStillAdmitOneBetweenThem()	0.0
ScorangerTests/SharedOrderTests/testAnEmptyListGetsAKeyInTheMiddleOfTheAlphabet()	0.0
ScorangerTests/SharedOrderTests/testAnUnsortedListIsSortedRatherThanBelieved()	0.0
ScorangerTests/SharedOrderTests/testAppendingKeepsGoingUp()	0.0
ScorangerTests/SharedOrderTests/testInsertingRepeatedlyIntoTheSameGapNeverRunsOut()	0.0
ScorangerTests/SharedOrderTests/testKeysUseOnlyAsciiOrderedCharacters()	0.0
ScorangerTests/SharedOrderTests/testMovingARowDownActuallyMovesIt()	0.0
ScorangerTests/SharedOrderTests/testMovingARowUpActuallyMovesIt()	0.0
ScorangerTests/SharedOrderTests/testMovingTheFirstRowDownAndTheLastRowUpBothLand()	0.0
ScorangerTests/SharedOrderTests/testPrependingKeepsGoingDown()	0.0
ScorangerTests/SharedOrderTests/testTwoEditorsMovingDifferentEntriesBothSurvive()	0.0
ScorangerTests/SharedOrderTests/testTwoEditorsMovingTheSameEntryEndWithOneOfTheTwoPlacements()	0.0
ScorangerTests/SharedOrderTests/testTwoHundredMovesKeepTheKeysOrderedAndDistinct()	0.0
ScorangerTests/SignInMemoryTests/testAFreshDeviceHasNeverSignedIn()	0.0
ScorangerTests/SignInMemoryTests/testSigningInIsRemembered()	0.0
ScorangerTests/SignInMemoryTests/testSigningOutIsForgottenSoTheNextLaunchStaysOut()	0.0
ScorangerTests/SignInMemoryTests/testTheBitOutlivesTheObjectThatSetIt()	0.0
ScorangerTests/SpreadLayoutTests/testASinglePageNarrowerThanTheViewportStillFillsTheCanvas()	0.0
ScorangerTests/SpreadLayoutTests/testASpreadIsNotCappedTheWayASinglePageIs()	0.0
ScorangerTests/SpreadLayoutTests/testASpreadPageIsAboutHalfASinglePage()	0.0
ScorangerTests/SpreadLayoutTests/testASpreadPutsBothPagesInsideTheViewport()	0.0
ScorangerTests/SpreadLayoutTests/testAViewportInTheMiddleOfTheStackPicksThatRow()	0.0
ScorangerTests/SpreadLayoutTests/testAViewportOutsideTheContentStillDrawsSomething()	0.0
ScorangerTests/SpreadLayoutTests/testAViewportTooNarrowToDivideStillProducesADrawableWidth()	0.0
ScorangerTests/SpreadLayoutTests/testAnEmptyDocumentAsksForNothing()	0.0
ScorangerTests/SpreadLayoutTests/testAnEmptyDocumentHasNoRows()	0.0
ScorangerTests/SpreadLayoutTests/testAnOddLastPageSitsAloneRatherThanBeingDropped()	0.0
ScorangerTests/SpreadLayoutTests/testFarAwayRowsAreLeftOut()	0.0
ScorangerTests/SpreadLayoutTests/testNeighboursAreIncludedSoScrollingNeverMeetsABlankPage()	0.0
ScorangerTests/SpreadLayoutTests/testOnePageAtATimeIsOneRowEach()	0.0
ScorangerTests/SpreadLayoutTests/testPagesPairFromTheFirstPage()	0.0
ScorangerTests/SpreadLayoutTests/testTheRowUnderTheViewportIsVisible()	0.0
ScorangerTests/SpreadLayoutTests/testZoomingInNarrowsTheViewportAndSoTheRowSet()	0.0
ScorangerTests/StaffSpacingTests/testABadValueFallsBackRatherThanBreakingThePage()	0.0
ScorangerTests/StaffSpacingTests/testAPartialFieldKeepsTheOtherDefaults()	0.0
ScorangerTests/StaffSpacingTests/testAScoreWithNoFieldGetsTheDefaults()	0.0
ScorangerTests/StaffSpacingTests/testEveryOptionSetNamesTheSpacing()	0.0
ScorangerTests/StaffSpacingTests/testTheFieldIsRead()	0.0
ScorangerTests/StaffSpacingTests/testTheStepSaysWhatTheSpacingIsDoing()	0.0
ScorangerTests/StripFitLatchTests/testAChangeOfWidthAlwaysRefits()	0.0
ScorangerTests/StripFitLatchTests/testADifferentEngravingDropsTheLatch()	0.0
ScorangerTests/StripFitLatchTests/testAFractionOfAPointIsNotARotation()	0.0
ScorangerTests/StripFitLatchTests/testAShorterViewportDoesNotRefit()	0.0
ScorangerTests/StripFitLatchTests/testATallerViewportRefits()	0.0
ScorangerTests/StripFitLatchTests/testTheFirstViewportIsTheOneFittedTo()	0.0
ScorangerTests/StripFitLatchTests/testTheStripKeepsItsScaleWhenAPanelOpens()	0.0
ScorangerTests/SwitchesHaveExactlyOneHomeTests/testAnUnmeasuredBarLeavesOptionsWithNeitherSwitch()	0.0
ScorangerTests/SwitchesHaveExactlyOneHomeTests/testEveryWidthPutsEachSwitchInExactlyOnePlace()	0.0
ScorangerTests/SyncMergeTests/testADeleteBeatsAConcurrentEdit()	0.0
ScorangerTests/SyncMergeTests/testAFieldRemovedRemotelyGoesHereToo()	0.0
ScorangerTests/SyncMergeTests/testAFieldRemovedRemotelyStaysWhileThisDeviceOwesIt()	0.0
ScorangerTests/SyncMergeTests/testAFieldThisDeviceDoesNotOweTakesTheRemoteValue()	0.0
ScorangerTests/SyncMergeTests/testARemovedFieldIsSentAsARemoval()	0.0
ScorangerTests/SyncMergeTests/testARenameAndARefileBothSurvive()	0.0
ScorangerTests/SyncMergeTests/testATombstoneKeepsOnlyItsIdentity()	0.0
ScorangerTests/SyncMergeTests/testAnEmptyTombstoneFieldIsNotADeletion()	0.0
ScorangerTests/SyncMergeTests/testAnIdlePollSendsNothing()	0.0
ScorangerTests/SyncMergeTests/testAnOrderingIsOneFieldAndMergesAsOne()	0.0
ScorangerTests/SyncMergeTests/testAnUnpushedEditIsNotOverwrittenByTheRemoteCopy()	0.0
ScorangerTests/SyncMergeTests/testOnlyTheChangedFieldsAreSent()	0.0
ScorangerTests/SystemCountTests/testBarsOnOneLineAreOneSystem()	0.0
ScorangerTests/SystemCountTests/testNoBarsIsNoSystems()	0.0
ScorangerTests/SystemCountTests/testOneBarPerLineIsOneSystemEach()	0.0
ScorangerTests/SystemCountTests/testOneLongSystemIsOneSystemHoweverManyBars()	0.0
ScorangerTests/SystemCountTests/testRaggedBarsStillFormOneSystem()	0.0
ScorangerTests/SystemCountTests/testSystemsAreInReadingOrder()	0.0
ScorangerTests/SystemCountTests/testTwoBandsAreTwoSystems()	0.0
ScorangerTests/TabStaffTests/testAFretNumberBreaksItsLine()	0.0
ScorangerTests/TabStaffTests/testATwoDigitFretGetsAWiderGap()	0.0
ScorangerTests/TabStaffTests/testDrawingReplacesTheVerses()	0.0
ScorangerTests/TabStaffTests/testDrawsWhatThePDFDraws()	0.0
ScorangerTests/TabStaffTests/testTheLabelCarriesTheReadersNudge()	0.0
ScorangerTests/TapSelectionTests/testATouchThatMovedFirstCanNeverBecomeAPress()	0.0
ScorangerTests/TapSelectionTests/testAtTwoAndAboveATapMeansANote()	0.0
ScorangerTests/TapSelectionTests/testBelowTwoATapMeansABar()	0.0
ScorangerTests/TapSelectionTests/testTappingASelectedBarDrillsIn()	0.0
ScorangerTests/TapSelectionTests/testTheBoundaryBelongsToTheFinerGranularity()	0.0
ScorangerTests/TapSelectionTests/testTheCrosshairMarksTheTouchPoint()	0.0
ScorangerTests/TapSelectionTests/testTheLoupeFlipsBelowNearTheTop()	0.0
ScorangerTests/TapSelectionTests/testTheLoupeFreezesDuringAPinchRatherThanDisappearing()	0.0
ScorangerTests/TapSelectionTests/testTheLoupeIsSuppressedWhereItWouldBeWrong()	0.0
ScorangerTests/TapSelectionTests/testTheLoupeMagnifiesTwiceWhateverTheZoomIs()	0.0
ScorangerTests/TapSelectionTests/testTheLoupeSitsAboveTheTouch()	0.0
ScorangerTests/TapSelectionTests/testTheLoupeStaysOnScreenSideways()	0.0
ScorangerTests/TapSelectionTests/testThePressAndTheLoupeAnswerTheSameQuestion()	0.0
ScorangerTests/TextMarkAddressTests/testAChordDiagramGetsNoAddress()	0.0
ScorangerTests/TextMarkAddressTests/testADiagramDoesNotShiftTheTextMarksOrdinal()	0.0
ScorangerTests/TextMarkAddressTests/testATextMarkKnowsItsBarAndStaff()	0.0
ScorangerTests/TextMarkAddressTests/testEveryAdjustableKindInTheFixtureIsAddressed()	0.0
ScorangerTests/TextMarkAddressTests/testTheFixturesTextMarksAreAddressed()	0.0
ScorangerTests/TextMarkAddressTests/testTheNoteBesideItIsUntouched()	0.0
ScorangerTests/ThumbnailCacheTests/testAPageIsRasterisedOnceAndThenReused()	0.0
ScorangerTests/ThumbnailCacheTests/testAPageThatIsNotThereDrawsNothingRatherThanCrashing()	0.0
ScorangerTests/ThumbnailCacheTests/testAReleasedDocumentDoesNotHandItsKeyToTheNextOne()	0.0
ScorangerTests/ThumbnailCacheTests/testEveryPageGetsARealThumbnail()	0.0
ScorangerTests/ThumbnailCacheTests/testKeysDoNotCollideBetweenDocuments()	0.0
ScorangerTests/ThumbnailCacheTests/testTheLastPagesOfANinePageScoreDraw()	0.0
ScorangerTests/ThumbnailCacheTests/testTheSamePageAtTwoSizesIsTwoImages()	0.0
ScorangerTests/ThumbnailRequestTests/testACancelledRequestAlwaysComesBack()	0.3
ScorangerTests/ThumbnailRequestTests/testAPageThatIsNotThereRequestsNothing()	0.0
ScorangerTests/ThumbnailRequestTests/testARequestedPageIsDrawnAndThenHeld()	0.0
ScorangerTests/ThumbnailRequestTests/testAskingWhatIsHeldNeverDrawsAnything()	0.0
ScorangerTests/ThumbnailRequestTests/testCancellingARequestBeforeItRunsDrawsNothing()	0.7
ScorangerTests/ThumbnailRequestTests/testTheSamePageIsDrawnOnceHoweverOftenItIsAskedFor()	0.0
ScorangerTests/ThumbnailRequestTests/testTheStoreHoldsItsBudgetUnderAWalkThatOverfillsIt()	1.0
ScorangerTests/TitleBandLayoutTests/testALongBandIsCappedAndScrolls()	0.0
ScorangerTests/TitleBandLayoutTests/testASmallBandIsSmall()	0.0
ScorangerTests/TitleBandLayoutTests/testAVersionSaysWhatMadeIt()	0.0
ScorangerTests/TitleBandLayoutTests/testAnEmptySetlistColumnIsStillAReadableBand()	0.0
ScorangerTests/TitleBandLayoutTests/testAnUnmeasuredContainerLeavesTheBandItsContent()	0.0
ScorangerTests/TitleBandLayoutTests/testTheAllVersionsRowDoesNotLeakIntoTheSetlistColumn()	0.0
ScorangerTests/TitleBandLayoutTests/testTheCapLeavesMostOfTheScreenToTheMusic()	0.0
ScorangerTests/TitleBandLayoutTests/testTheSetlistColumnIsAsTallAsItsRows()	0.0
ScorangerTests/TitleBandLayoutTests/testTheSetlistColumnIsHeaded()	0.0
ScorangerTests/TitleBandLayoutTests/testTheTallerColumnDecides()	0.0
ScorangerTests/TitleBandLayoutTests/testWithNeitherItSaysSomethingRatherThanNothing()	0.0
ScorangerTests/TitleBandLayoutTests/testWithoutAPromptItSaysTheOp()	0.0
ScorangerTests/TitleBandLayoutTests/testWithoutAPromptItSaysWhatHappened()	0.0
ScorangerTests/TitleRepairTests/testARealTitleIsLeftAlone()	0.0
ScorangerTests/TitleRepairTests/testAScanIsNotOffered()	0.0
ScorangerTests/TitleRepairTests/testASlugTitleIsOfferedToo()	0.0
ScorangerTests/TitleRepairTests/testAnArrangementEngravingAFileNameIsOffered()	0.0
ScorangerTests/TitleRepairTests/testAnArrangementNothingCanNameIsNotOffered()	0.0
ScorangerTests/TitleRepairTests/testTheOfferExistsOnlyWhileThereIsDamage()	0.0
ScorangerTests/TitleRepairTests/testTheOfferSaysWhatItCosts()	0.0
ScorangerTests/TitleRepairTests/testTheOutcomeCountsWhatHappened()	0.0
ScorangerTests/TransportKeysTests/testATextFieldWithFocusKeepsItsSpaces()	0.0
ScorangerTests/TransportKeysTests/testNoTransportOnScreenMeansNoShortcut()	0.0
ScorangerTests/TransportKeysTests/testNothingToPlayMeansNoShortcut()	0.0
ScorangerTests/TransportKeysTests/testSpacebarTogglesTheTransport()	0.0
ScorangerTests/TransportRevealTests/testAFreshInstallRecordsThatItHasBeenSeen()	0.0
ScorangerTests/TransportRevealTests/testAReaderWhoHidItKeepsItHidden()	0.0
ScorangerTests/TransportRevealTests/testAlreadyShowingIsLeftAlone()	0.0
ScorangerTests/TransportRevealTests/testAnUnplayableArrangementRevealsNothing()	0.0
ScorangerTests/TransportRevealTests/testTheFirstPlayableArrangementRevealsTheTransport()	0.0
ScorangerTests/VersionGraphTests/testAChildThatLandedBeforeItsParentIsNotAFork()	0.0
ScorangerTests/VersionGraphTests/testALinearHistoryHasNoFork()	0.0
ScorangerTests/VersionGraphTests/testAThreeWaySplitIsOneFork()	0.0
ScorangerTests/VersionGraphTests/testATieIsBrokenTheSameWayEverywhere()	0.0
ScorangerTests/VersionGraphTests/testAVersionWithNoParentStillDecodes()	0.0
ScorangerTests/VersionGraphTests/testAVersionWithNoTimestampDoesNotBecomeLatest()	0.0
ScorangerTests/VersionGraphTests/testForkedVersionsMayShareALabel()	0.0
ScorangerTests/VersionGraphTests/testTheManifestCarriesTheParentTheGraphNeeds()	0.0
ScorangerTests/VersionGraphTests/testTwoDevicesAppendingToTheSameVersionBothKeepTheirWork()	0.0
ScorangerTests/VersionLabelTests/testAChatPromptWins()	0.0
ScorangerTests/VersionLabelTests/testAnUnknownOpDegradesRatherThanLeaking()	0.0
ScorangerTests/VersionLabelTests/testNoOpNameSurvivesIntoARow()	0.0
ScorangerTests/VersionLabelTests/testTheCaseOfTheOpDoesNotMatter()	0.0
ScorangerTests/VersionLabelTests/testTheOpsAReaderMeetsMostAreSpelledOut()	0.0
ScorangerTests/VersionLabelTests/testTheTwoInTheScreenshot()	0.0
ScorangerTests/VersionLabelTests/testWithNoPromptThePhraseIsUsed()	0.0
ScorangerTests/VersionsStayReachableTests/testAPhoneThatLosesTheCountKeepsTheTitleAsItsRoute()	0.0
ScorangerTests/VersionsStayReachableTests/testAWideBarKeepsTheTwoColumnsApart()	0.0
ScorangerUITests/AccountDeletion/testConfirmingWithoutAConfigurationSaysSoRatherThanDoingNothing()	29.0
ScorangerUITests/AccountDeletion/testDeletingTheAccountIsOfferedUnderCareful()	22.0
ScorangerUITests/AccountDeletion/testItSaysTheLibraryStaysOnThisIPad()	11.0
ScorangerUITests/AccountDeletion/testTheConfirmIsTwoStepsAndKeepBacksOut()	26.0
ScorangerUITests/AddToSetlist/testThePlusAndTheVersionCountOpenDifferentLists()	44.0
ScorangerUITests/AddToSetlist/testThePlusOpensAChecklistOfSetlistsAndTogglesMembership()	27.0
ScorangerUITests/ArrivalsOpen/testAPhotographArrivesOpensAndCanBeReadIntoNotation()	65.0
ScorangerUITests/ArrivalsOpen/testAScoreThatArrivesOpensItself()	34.0
ScorangerUITests/BookBrowser/testTheBrowserStillAnswersAfterFlickingThroughABigBook()	22.0
ScorangerUITests/BookBrowser/testTypingAFarPageNumberTurnsTheBookToIt()	16.0
ScorangerUITests/BookRename/testABookRowRenamesTheBook()	22.0
ScorangerUITests/BookRename/testASetListRowStillRenames()	23.0
ScorangerUITests/BookShareIn/testAScannedBooksTunesAreReadFromItsPages()	16.0
ScorangerUITests/BookShareIn/testASharedBookIsAskedAboutFoundKeptAndRead()	13.0
ScorangerUITests/BookShareIn/testCancellingTheChoiceImportsNothing()	17.0
ScorangerUITests/BookShareIn/testTakingTheTunesOutMakesAPieceForEach()	9.0
ScorangerUITests/ChromeShot/testPhotographAVersionLessArrangementInTheList()	15.0
ScorangerUITests/ChromeShot/testPhotographTheCreatePath()	34.0
ScorangerUITests/ChromeShot/testPhotographTheLibraryTopRow()	12.0
ScorangerUITests/ChromeShot/testPhotographTheScoreChrome()	42.0
ScorangerUITests/ChromeShot/testPhotographWhatTheRowsSayTheyHold()	19.0
ScorangerUITests/ClosingStopsPlayback/testClosingTheScoreStopsTheMusic()	116.0
ScorangerUITests/ContinuousFollows/testTheScoreStreamsPastTheLineInScrollMode()	101.0
ScorangerUITests/ContinuousZoomOut/testTheScrollViewZoomsOutFarAndStaysThere()	82.0
ScorangerUITests/DragPerformance/testDraggingHoldsTheDisplaysRefreshRate()	296.0
ScorangerUITests/DynamicTypeFits/testEveryScreenFitsAtLargeTextSizes()	152.0
ScorangerUITests/ExportFromTheApp/testEveryFormatHandsARealFileToTheShareSheet()	96.0
ScorangerUITests/ExportFromTheApp/testTheBundleRowAlsoHandsOverAFile()	74.0
ScorangerUITests/HowItWorksScreen/testALicenceTextOpensFromTheCreditsAndReads()	44.0
ScorangerUITests/HowItWorksScreen/testTheSectionIsReachableAndReadableAtEveryTextSize()	88.0
ScorangerUITests/ImportFromPhotos/testPhotoIsOfferedAndOpensTheGallery()	12.0
ScorangerUITests/InlineCreate/testASetListFromASelectionArrivesWithItsNameSelected()	16.0
ScorangerUITests/InlineCreate/testNamingANewPieceLandsOnScreenFromWhereverTheReaderIs()	24.0
ScorangerUITests/InlineCreate/testTheFieldAndBothButtonsAreOneHeightAtEverySize()	37.0
ScorangerUITests/InlineCreate/testTheRowSitsOnTheListsGridAndIsAddressable()	22.0
ScorangerUITests/LandscapeFits/testTheLibraryFitsInLandscape()	102.0
ScorangerUITests/LandscapeFits/testTheMixerFitsInLandscape()	102.0
ScorangerUITests/LandscapeFits/testTheOptionsScreenFitsInLandscape()	102.0
ScorangerUITests/LandscapeFits/testTheScoreViewFitsInLandscape()	101.0
ScorangerUITests/LibraryLabels/testDumpLabels()	21.0
ScorangerUITests/LibraryToolbarFits/testEveryActionIsStillReachable()	15.0
ScorangerUITests/LibraryToolbarFits/testTheActionRowFitsThePhone()	10.0
ScorangerUITests/MixerFitsAnyTextSize/testTheMixerFitsAndKeepsItsControlsAtEveryTextSize()	73.0
ScorangerUITests/MixerFitsAnyTextSize/testTheTrayFitsAndKeepsItsControlsAtEveryTextSize()	79.0
ScorangerUITests/MixerKeepsPlaying/testOpeningTheMixerDoesNotStopPlayback()	79.0
ScorangerUITests/MixerKeepsPlaying/testWorkingTheTrayDoesNotStopPlayback()	48.0
ScorangerUITests/MixerOnAlisCase/testTheHeaderDragsAndTheBodyDoesNot()	33.0
ScorangerUITests/MixerOnAlisCase/testTheKnobTurnsAndTheTrayDoesNot()	24.0
ScorangerUITests/MixerOnAlisCase/testTheMixerCanBeDraggedByItsHeader()	24.0
ScorangerUITests/MixerOnAlisCase/testTheMixerFitsInLandscapeAtNormalText()	112.0
ScorangerUITests/MixerOnAlisCase/testTheMixerFitsInLandscapeWithThePickerOpen()	115.0
ScorangerUITests/MixerOnAlisCase/testTheMixerFitsInPortraitAtNormalText()	17.0
ScorangerUITests/MixerTwoChannel/testTwoChannelPanelFitsInLandscape()	107.0
ScorangerUITests/MixerTwoChannel/testTwoChannelPanelFitsInPortrait()	26.0
ScorangerUITests/MixerTwoChannel/testTwoChannelPanelFitsWithThePickerOpen()	111.0
ScorangerUITests/MixerTwoChannel/testTwoChannelTrayFitsInPortrait()	29.0
ScorangerUITests/MixerVisibility/testTheMixerCannotBeDraggedOffTheEdge()	33.0
ScorangerUITests/MixerVisibility/testTheMixerFollowsTheFingerWhileItIsStillDown()	27.0
ScorangerUITests/MixerVisibility/testTheMixerIsWhollyOnScreenWithThePickerOpen()	29.0
ScorangerUITests/MixerVisibility/testTheParkedMixerIsWhollyOnScreen()	23.0
ScorangerUITests/MixerWindowBehaviour/testEachStripsControlsBelongToThePartItNames()	143.0
ScorangerUITests/MixerWindowBehaviour/testTheHeaderSeatsItsControls()	38.0
ScorangerUITests/MixerWindowBehaviour/testTheMixerDragsAtEveryWidth()	45.0
ScorangerUITests/MixerWindowBehaviour/testTheMixerIsNoWiderThanItsChannels()	48.0
ScorangerUITests/NamingShot/testNoInternalNameReachesTheReader()	22.0
ScorangerUITests/NamingShot/testTheRepairFixesWhatIsEngraved()	37.0
ScorangerUITests/NotebookShot/testPhotographSettingsFilterAndDetails()	36.0
ScorangerUITests/NotebookShot/testPhotographTheNotebook()	33.0
ScorangerUITests/NotebookShot/testPhotographTheScore()	41.0
ScorangerUITests/OneCanvasEverywhere/testThePhoneGetsTheRealCanvas()	72.0
ScorangerUITests/PaginationAfterAnOp/testPaginationSurvivesAGuitarTab()	72.0
ScorangerUITests/PaginationAfterAnOp/testPaginationSurvivesAddingAStaffThenTabThenChords()	72.0
ScorangerUITests/PaginationAfterAnOp/testPaginationSurvivesChordSymbols()	70.0
ScorangerUITests/PaginationAfterAnOp/testTheCombinedOpThroughTheAppKeepsItsSystems()	141.0
ScorangerUITests/PaginationAfterAnOp/testTheSameScoreWithoutThemPaginates()	70.0
ScorangerUITests/PaginationAfterAnOp/testTheSystemCountAgreesWithTheEngraving()	70.0
ScorangerUITests/PhoneShot/testPhotographThePhoneLibrary()	24.0
ScorangerUITests/PhoneShot/testPhotographThePhoneScore()	25.0
ScorangerUITests/PhoneSurfaces/testASetListOnAPhoneShowsTheSetList()	17.0
ScorangerUITests/PhoneSurfaces/testTheFootStripCarriesTheSetListsTools()	16.0
ScorangerUITests/PhoneSurfaces/testTheScoreBarsSecondRowCarriesLayoutPerformAndAdd()	15.0
ScorangerUITests/PhoneTapSelection/testAFingerSelectsInTheMiddleAndTurnsFromACorner()	32.0
ScorangerUITests/PhoneTapSelection/testAPressSelectsAfterSecondsOfHolding()	19.0
ScorangerUITests/PlaybackCrash/testPlayingSousLeCielDoesNotCrash()	150.0
ScorangerUITests/RenderShot/testPaginationSurvivesAVisitToContinuous()	51.0
ScorangerUITests/RenderShot/testTheStripKeepsItsSizeWhenTheVersionBandOpens()	36.0
ScorangerUITests/RenderShot/testTheStripScrollsUnderTheLine()	64.0
ScorangerUITests/ReorgShot/testTheLibraryAndTheScoreSayWhatTheyHold()	19.0
ScorangerUITests/ReorgShot/testTheMixerIsHalfHeightAndHasATempoSlider()	206.0
ScorangerUITests/ReorgShot/testTheMixerSoundPicker()	205.0
ScorangerUITests/ReorgShot/testTheOptionsScreen()	29.0
ScorangerUITests/ReorgShot/testTheTrayAndItsTempoKnob()	196.0
ScorangerUITests/ReorgShot/testTheVersionsDropdown()	26.0
ScorangerUITests/ScorangerUITests/testAFingerNeverSelectsHoweverItDrags()	32.0
ScorangerUITests/ScorangerUITests/testALassoOnTheRightHandPageSelectsFromThatPage()	39.0
ScorangerUITests/ScorangerUITests/testANewArrangementCanBeAddedToASetList()	38.0
ScorangerUITests/ScorangerUITests/testAPieceOpensItsOwnScreenAndComesBack()	12.0
ScorangerUITests/ScorangerUITests/testAScanArrangementOpensAndSaysWhatItCannotDo()	24.0
ScorangerUITests/ScorangerUITests/testATransformKeepsTheSelectionAndThePage()	47.0
ScorangerUITests/ScorangerUITests/testAddMenuCreatesBlankArrangement()	14.0
ScorangerUITests/ScorangerUITests/testAddingAnArrangementToAnExistingSetlist()	14.0
ScorangerUITests/ScorangerUITests/testAnArrangementWithNoVersionsSaysSoAndCanBeDeleted()	16.0
ScorangerUITests/ScorangerUITests/testAnEmptyLibraryIsAStateWithSomethingToDo()	14.0
ScorangerUITests/ScorangerUITests/testAnnotationUndoAcrossColourChange()	30.0
ScorangerUITests/ScorangerUITests/testAnnotationsBelongToTheVersionTheyWereMadeOn()	39.0
ScorangerUITests/ScorangerUITests/testArrangementScreenOffersAddToSetList()	21.0
ScorangerUITests/ScorangerUITests/testArrangementSheetIsAPanelWithRenameAndDeleteLast()	17.0
ScorangerUITests/ScorangerUITests/testArrangementsAreNumberedWithinPiece()	11.0
ScorangerUITests/ScorangerUITests/testCanvasFillsTheGapBesideTheChatPanel()	30.0
ScorangerUITests/ScorangerUITests/testChatContextFollowsTheNewOrder()	22.0
ScorangerUITests/ScorangerUITests/testChatOverlayOpensFromAsk()	20.0
ScorangerUITests/ScorangerUITests/testContinuousLayoutShowsOneStripAndNoPageCounter()	29.0
ScorangerUITests/ScorangerUITests/testEveryMetadataFieldIsLabelled()	17.0
ScorangerUITests/ScorangerUITests/testExportingMusicXMLRaisesTheSystemShareSheet()	25.0
ScorangerUITests/ScorangerUITests/testImportGoesStraightToTheFilePicker()	12.0
ScorangerUITests/ScorangerUITests/testLassoSelectsElementsAndHandsThemToChat()	41.0
ScorangerUITests/ScorangerUITests/testMarkupModeAndTheInkBar()	19.0
ScorangerUITests/ScorangerUITests/testNewSetlistAsksForANameThenOffersArrangements()	22.0
ScorangerUITests/ScorangerUITests/testNothingOffersARenameButton()	15.0
ScorangerUITests/ScorangerUITests/testOneUndoTapRemovesExactlyOneStroke()	34.0
ScorangerUITests/ScorangerUITests/testOnlyOneVersionRowIsEverHighlighted()	43.0
ScorangerUITests/ScorangerUITests/testPagingAwayDuringPlaybackOffersTheWayBack()	24.0
ScorangerUITests/ScorangerUITests/testPartNamesAreEditableFromTheSheet()	30.0
ScorangerUITests/ScorangerUITests/testPerformanceModeIsEnteredFromTheTopBarAndLeftFromItsOwn()	22.0
ScorangerUITests/ScorangerUITests/testPieceIsRenamedByTappingItsName()	23.0
ScorangerUITests/ScorangerUITests/testPinchStillZoomsWithTheLassoInstalled()	31.0
ScorangerUITests/ScorangerUITests/testPinchZoomKeepsScoreUsable()	21.0
ScorangerUITests/ScorangerUITests/testPinchingInInkModeZoomsTheScoreNotTheInk()	27.0
ScorangerUITests/ScorangerUITests/testPromptGroupStepsExpand()	21.0
ScorangerUITests/ScorangerUITests/testRenameArrangementFromTheSheet()	25.0
ScorangerUITests/ScorangerUITests/testReorderingArrangementsRenumbersThem()	16.0
ScorangerUITests/ScorangerUITests/testRowTapOpensArrangement()	19.0
ScorangerUITests/ScorangerUITests/testSelectionIsSingleAndClearable()	26.0
ScorangerUITests/ScorangerUITests/testSettingsFieldsAreLabelled()	15.0
ScorangerUITests/ScorangerUITests/testSettingsIsAPanel()	9.0
ScorangerUITests/ScorangerUITests/testSettingsOpensAsAPanelBesideTheLibrary()	11.0
ScorangerUITests/ScorangerUITests/testShareAndExportOffersTheThreeFormats()	25.0
ScorangerUITests/ScorangerUITests/testSlugIsEditableAndReferencesSurvive()	49.0
ScorangerUITests/ScorangerUITests/testSwitchingVersionClearsAStaleSelection()	53.0
ScorangerUITests/ScorangerUITests/testTappingATitleRenamesItInPlace()	27.0
ScorangerUITests/ScorangerUITests/testTheArrangementScreenOffersFilingAndDeletion()	17.0
ScorangerUITests/ScorangerUITests/testTheBarCounterFollowsTheViewportNotThePage()	51.0
ScorangerUITests/ScorangerUITests/testTheChatBoxKeepsItsResizeGrip()	22.0
ScorangerUITests/ScorangerUITests/testTheChipNamesTheSelectionAndHasNoModes()	33.0
ScorangerUITests/ScorangerUITests/testTheChordSymbolsScreenCarriesTheDefaultAndSaysWhichPart()	29.0
ScorangerUITests/ScorangerUITests/testTheChordSymbolsScreenCarriesTheDefaultAndTheLadder()	26.0
ScorangerUITests/ScorangerUITests/testTheChordSymbolsScreenCarriesTheDefaultAndTheResetAll()	51.9
ScorangerUITests/ScorangerUITests/testTheEngravedTitleFollowsTheArrangementTitle()	56.0
ScorangerUITests/ScorangerUITests/testTheFABIsGone()	7.0
ScorangerUITests/ScorangerUITests/testTheHandleDoesNotStealTheLassosTouches()	37.0
ScorangerUITests/ScorangerUITests/testTheHandleScrubsWithoutScrollingTheCanvas()	28.0
ScorangerUITests/ScorangerUITests/testTheInkBarFollowsThePillToggleBothWays()	23.0
ScorangerUITests/ScorangerUITests/testTheInkToolsDockAndCanBeMovedAndPutBack()	30.0
ScorangerUITests/ScorangerUITests/testTheKeyboardDoesNotShrinkThePage()	27.0
ScorangerUITests/ScorangerUITests/testTheLassoSelectsOnTheStripAsWellAsThePage()	61.0
ScorangerUITests/ScorangerUITests/testTheLayoutIsInSettingsAndOnePageIsTheDefault()	12.0
ScorangerUITests/ScorangerUITests/testTheLibraryCarriesTheMakingActions()	12.0
ScorangerUITests/ScorangerUITests/testTheLibraryHasBothHalves()	10.0
ScorangerUITests/ScorangerUITests/testTheLibraryOverlayIsGoneFromTheScore()	17.0
ScorangerUITests/ScorangerUITests/testTheLibraryShowsWhichBuildThisIs()	10.0
ScorangerUITests/ScorangerUITests/testTheLibraryTopRowIsJustTheGear()	8.0
ScorangerUITests/ScorangerUITests/testTheMixerChoosesTheSoundAChannelIsPlayedWith()	61.0
ScorangerUITests/ScorangerUITests/testTheMixerOpensWithAStripPerStaff()	57.0
ScorangerUITests/ScorangerUITests/testTheOldHighlightFeatureIsGone()	23.0
ScorangerUITests/ScorangerUITests/testThePencilStillMarksWhileTheTransportRuns()	39.0
ScorangerUITests/ScorangerUITests/testThePlayheadDrawsAndTheLassoStillSelectsUnderIt()	35.0
ScorangerUITests/ScorangerUITests/testThePlayheadKeepsItsWeightAtAnyZoom()	35.0
ScorangerUITests/ScorangerUITests/testTheScoreOpensOverTheLibraryAndClosesBack()	41.0
ScorangerUITests/ScorangerUITests/testTheTitleBandOpensFromTheScoreTitle()	28.0
ScorangerUITests/ScorangerUITests/testTheTitleOpensTheVersionsAndJumps()	31.0
ScorangerUITests/ScorangerUITests/testTheTopBarCarriesEveryControlAndThereIsNoNavigationBar()	19.0
ScorangerUITests/ScorangerUITests/testTheTransportIsReachableAndEveryVoiceCanBeSwitchedOff()	31.0
ScorangerUITests/ScorangerUITests/testTheTransportSwitchOnTheBarTurnsTheTransportOffAndBackOn()	25.0
ScorangerUITests/ScorangerUITests/testTheTrayHasAKnobPerStaff()	34.0
ScorangerUITests/ScorangerUITests/testTheTrayIsAlwaysThereAndPerformHidesIt()	23.0
ScorangerUITests/ScorangerUITests/testTheVersionCountOpensTheVersionsAndJumpsToOne()	33.0
ScorangerUITests/ScorangerUITests/testTheWayOutOfTheScoreIsAlwaysOnTheBar()	20.0
ScorangerUITests/ScorangerUITests/testTheZoomedPageUsesTheWholeCanvas()	412.0
ScorangerUITests/ScorangerUITests/testThereIsNoTabBar()	10.0
ScorangerUITests/ScorangerUITests/testTitleAndCreditsAreEditableAndReachTheNotation()	57.0
ScorangerUITests/ScorangerUITests/testTwoFingerTapUndoesEvenWithMarkupOff()	24.0
ScorangerUITests/ScorangerUITests/testVersionsAreAScreenOffTheArrangement()	17.0
ScorangerUITests/ScorangerUITests/testVersionsAreReachableInPerformanceMode()	38.0
ScorangerUITests/ScorangerUITests/testZoomPansAcrossTheWholeCanvas()	37.0
ScorangerUITests/ScreenStaysLit/testOpeningAScoreLightsTheScreenAndLeavingGivesItBack()	18.0
ScorangerUITests/SetlistFromTheScore/testBothEntrancesLandOnTheSameScreen()	27.0
ScorangerUITests/SetlistFromTheScore/testEmptyHasAnExit()	20.0
ScorangerUITests/SetlistFromTheScore/testItPushesThePiecesListsOwnScreen()	18.0
ScorangerUITests/SetlistFromTheScore/testTheRowSaysWhereTheArrangementSitsAndLeadsOn()	15.0
ScorangerUITests/ShareRoundTrip/testAJoinedSetlistReadsAsSharedAndOpensTheSharedScreen()	13.0
ScorangerUITests/ShareRoundTrip/testTappingShareSignedOutExplainsRatherThanDoingNothing()	11.0
ScorangerUITests/ShareRoundTrip/testTheShareButtonIsOnSetlistRowsAndNotOnPieces()	8.0
ScorangerUITests/SignInReachable/testAFailedAppleSignInSaysSoInsteadOfSpinning()	14.0
ScorangerUITests/SignInReachable/testAnUnansweredRequestTimesOutRatherThanSpinningForEver()	16.0
ScorangerUITests/SignInReachable/testBothSignInButtonsExistAndAreEnabled()	10.0
ScorangerUITests/StateReset/testAFreshLaunchInheritsNoPreferenceFromTheLaunchBeforeIt()	38.0
ScorangerUITests/SwipeAtTheEdge/testAPanThatReachesTheEdgeDoesNotTurnThePage()	29.0
ScorangerUITests/SwipeTurns/testASwipeTurnsThePageInPerformanceModeAndStopsAtTheEnds()	96.0
ScorangerUITests/TransportVisibility/testTheTransportIsThereWithoutBeingTurnedOn()	20.0
ScorangerUITests/TrayBehaviour/testAKnobDragChangesTheLevelAndLeavesTheTrayWhereItIs()	25.0
ScorangerUITests/TrayBehaviour/testEachStripsControlsBelongToThePartItNames()	21.0
ScorangerUITests/TrayBehaviour/testTheKnobSlotFollowsTheParts()	48.0
ScorangerUITests/TrayBehaviour/testTheTraySeatsItsControls()	33.0
ScorangerUITests/TrayVisibility/testTheKnobFollowsTheFingerWhileItIsStillDown()	20.0
ScorangerUITests/TrayVisibility/testTheSoundPickerIsWhollyOnScreen()	27.0
ScorangerUITests/TrayVisibility/testTheTrayCannotBeDraggedAway()	26.0
ScorangerUITests/TrayVisibility/testTheTrayIsWhollyOnScreen()	13.0
